order_id,customer_id,product_id,order_date,quantity,order_status,payment_method
ORD-5c9c4c17-fce3-4a11-9baa-aba885bc30d4,CUST-f04b7a38-0a51-4587-86c4-3461fac18b5e,PROD-577a23c6-5b4d-4041-813a-3a8b596ceb04,2025-01-01 18:00:00,4,Pending,PayPal
ORD-cbf71a29-22c0-4b2a-b52b-1710ebf3d8c4,CUST-8c4bf145-28aa-4df1-ba55-867d094a6012,PROD-043183ed-f499-422b-ac48-bf3d52113c94,2025-01-02 01:00:00,4,Cancelled,Apple Pay
ORD-ef696193-4f06-47d7-851f-e1cf3f2ae18f,CUST-23f7671e-dec0-4667-ac63-5a70e4723fdb,PROD-d70f9c69-d4aa-42b4-ace5-01904a73071a,2025-01-03 01:00:00,3,Cancelled,Credit Card
ORD-071a3799-5777-4271-be84-10678167e462,CUST-dd863142-b0bb-466d-bcb7-b726d7d2d0d1,PROD-e6c46fd7-4654-4fc5-9bae-d335fdd7223f,2025-01-03 12:00:00,3,Completed,Apple Pay
ORD-af263c89-58a8-4ce8-81c5-6fc1f323409b,CUST-7b207a1c-797a-419c-9e26-71ae5407ffad,PROD-a85036c2-6bc2-4de1-9d61-afa53c07995a,2025-01-03 14:00:00,2,Completed,Debit Card
ORD-f90b2acb-13a6-494b-8a4c-91f891b9b89b,CUST-12d56580-2e45-4bed-ad50-2bf5a3f11b22,PROD-aab0afe9-5df6-4b48-ae99-f322e3820802,2025-01-04 10:00:00,2,Completed,Credit Card
ORD-f386dee2-c357-46f4-beaf-11a28ec6c338,CUST-595fc0e9-42f4-4609-9899-722bc2b3068e,PROD-391c0c33-fe4c-43ec-a362-1a200b406e9f,2025-01-04 14:00:00,2,Completed,Credit Card
ORD-1c597979-af1c-4aa1-8e37-35269eb1fb4a,CUST-5c8c22b4-c76b-48d0-9132-c291ace8fdc6,PROD-51e479b3-f91a-4677-814a-cb82b2c3c107,2025-01-05 16:00:00,4,Completed,Credit Card
ORD-f32c7308-fd93-4d44-aac9-2ad0c75c0c1b,CUST-595fc0e9-42f4-4609-9899-722bc2b3068e,PROD-64314286-d564-4c55-9694-ee4b8b4d89c8,2025-01-06 16:00:00,1,Completed,PayPal
ORD-028563da-b6b4-4f62-8352-e1fd7379990c,CUST-e31ef663-c483-4b96-b41a-d92a7f22a284,PROD-64e93a84-4dbb-4661-9ec3-043dd1693d6e,2025-01-06 19:00:00,4,Pending,PayPal
ORD-8116f8af-6fae-49db-8766-c3dfef3d12ea,CUST-46af5dcf-3e02-4a33-ab80-4e1decd46eca,PROD-a85036c2-6bc2-4de1-9d61-afa53c07995a,2025-01-07 08:00:00,3,Cancelled,Apple Pay
ORD-a2736f65-fc4a-42a4-afa4-bd63a14a7c3d,CUST-b4e5b0d5-ee4c-45d8-a36f-8c137d7e1b61,PROD-35dc3662-e193-4ac2-a527-af21c2f79d56,2025-01-07 22:00:00,4,Cancelled,Debit Card
ORD-1b3dc185-c643-4a31-98ed-450bcde983d7,CUST-c7acf430-20c3-4ba4-a019-3afdb079fed5,PROD-d70f9c69-d4aa-42b4-ace5-01904a73071a,2025-01-08 06:00:00,4,Cancelled,Debit Card
ORD-a392359e-67cf-44de-8a56-88267847ce45,CUST-3c0f69b1-f461-4b7c-837d-0fffba5143e9,PROD-aab0afe9-5df6-4b48-ae99-f322e3820802,2025-01-09 03:00:00,2,Cancelled,Apple Pay
ORD-76590ddb-7beb-4994-bb1b-e1a935b4022e,CUST-bcc4da93-f446-4277-a430-dbf40b1e1ef5,PROD-51e479b3-f91a-4677-814a-cb82b2c3c107,2025-01-09 09:00:00,2,Completed,Apple Pay
ORD-77d948d5-a251-43e2-9e7d-58140f111cf6,CUST-a4289b67-391a-44c9-96f2-a55d4588e16b,PROD-64e93a84-4dbb-4661-9ec3-043dd1693d6e,2025-01-09 13:00:00,3,Completed,Debit Card
ORD-330827df-7aec-4387-9d45-a4ed1b96588f,CUST-6ec46708-ad17-493c-9512-ad1515121f08,PROD-043183ed-f499-422b-ac48-bf3d52113c94,2025-01-09 23:00:00,3,Pending,Apple Pay
ORD-3c36db01-5c97-4a0f-9d9c-514d440f3686,CUST-b14f5581-ad46-4259-9d4d-14dc3c37adf5,PROD-043183ed-f499-422b-ac48-bf3d52113c94,2025-01-10 16:00:00,2,Cancelled,Debit Card
ORD-1c489a5c-bf2c-4d8e-a17a-029515ce737b,CUST-4665d28f-3950-47c6-8315-d7d208754021,PROD-a85036c2-6bc2-4de1-9d61-afa53c07995a,2025-01-11 01:00:00,1,Pending,PayPal
ORD-4d8233cb-be2d-41c1-a7bd-4d7078253324,CUST-75b12d27-022d-445c-bfa6-ec8f96438a29,PROD-64314286-d564-4c55-9694-ee4b8b4d89c8,2025-01-12 06:00:00,3,Completed,Apple Pay
ORD-b2650686-e747-400a-b1f6-55e354ea6adc,CUST-dd863142-b0bb-466d-bcb7-b726d7d2d0d1,PROD-e6c46fd7-4654-4fc5-9bae-d335fdd7223f,2025-01-12 13:00:00,4,Completed,PayPal
ORD-5635e4fa-520d-4133-96ba-183a183e6dd4,CUST-2beaeac9-82b4-483a-847f-863073beef41,PROD-577a23c6-5b4d-4041-813a-3a8b596ceb04,2025-01-12 14:00:00,1,Completed,PayPal
ORD-8f88ae77-8c7b-44f8-9512-7f5604734abb,CUST-49e30b2f-0793-4b82-a757-1f2a59ee4fa6,PROD-35dc3662-e193-4ac2-a527-af21c2f79d56,2025-01-13 01:00:00,1,Completed,Debit Card
ORD-b993fc11-68e3-4528-b5b1-dbd738b9360c,CUST-79832843-194d-4dad-be01-2ebbf9b6d44f,PROD-2778f30b-81d5-4495-82c5-3eec31a4cb04,2025-01-13 06:00:00,1,Completed,Apple Pay
ORD-410dea00-8408-4432-8ff5-43c4d5293859,CUST-78beff06-655f-49aa-b57c-a58649f2447c,PROD-577a23c6-5b4d-4041-813a-3a8b596ceb04,2025-01-16 09:00:00,4,Completed,Credit Card
ORD-7dc467db-b2f6-4f61-8568-e442ae751732,CUST-5b42ff98-1b2d-487a-8dd0-c3998c92a9ad,PROD-d70f9c69-d4aa-42b4-ace5-01904a73071a,2025-01-17 05:00:00,2,Completed,Apple Pay
ORD-94e58842-93c2-420d-853c-ca2d714ef522,CUST-784174f9-a283-41cb-a2c1-0a93e7231263,PROD-2778f30b-81d5-4495-82c5-3eec31a4cb04,2025-01-17 22:00:00,2,Pending,PayPal
ORD-daf4bc10-5638-4c07-9bbc-b9e59279d9f3,CUST-bd7f7801-6209-41e8-bd56-46d4c8a38003,PROD-64e93a84-4dbb-4661-9ec3-043dd1693d6e,2025-01-19 19:00:00,4,Completed,PayPal
ORD-878731e4-5443-41fa-b2d0-fbdd458b411a,CUST-de30a851-4634-48b0-8789-258191a4d145,PROD-aab0afe9-5df6-4b48-ae99-f322e3820802,2025-01-21 09:00:00,2,Completed,Debit Card
ORD-765ac9f8-6f4d-456e-b9b9-01341b46cebc,CUST-8c4bf145-28aa-4df1-ba55-867d094a6012,PROD-391c0c33-fe4c-43ec-a362-1a200b406e9f,2025-01-21 12:00:00,2,Pending,Debit Card
ORD-cc723bf8-44d1-4a9e-9e08-6dc51d8d3c61,CUST-8f3e5e6e-3f4c-4d9d-8b5a-fe4d3d9dbec4,PROD-391c0c33-fe4c-43ec-a362-1a200b406e9f,2025-01-22 04:00:00,4,Cancelled,Credit Card
ORD-649b7cf9-eb2f-4d9d-b71f-af6f5daadc93,CUST-07a4c495-269a-4d79-872d-fcecebe60095,PROD-391c0c33-fe4c-43ec-a362-1a200b406e9f,2025-01-22 13:00:00,2,Completed,PayPal
ORD-727d4bd6-f060-48c3-94e0-1a0abfca8d27,CUST-30852f6f-577f-4462-a34b-7fd2cb769e28,PROD-a85036c2-6bc2-4de1-9d61-afa53c07995a,2025-01-25 04:00:00,3,Cancelled,Credit Card
ORD-79858e4a-ca2a-446e-a35c-c145a9a9c984,CUST-4d10796f-41b0-4387-90d1-cc7d36100661,PROD-51e479b3-f91a-4677-814a-cb82b2c3c107,2025-01-25 20:00:00,2,Pending,PayPal
ORD-605507a9-f455-4454-8f4a-103af0e18511,CUST-441bac50-3db0-42d0-8e18-7fb89cdfb89c,PROD-577a23c6-5b4d-4041-813a-3a8b596ceb04,2025-01-26 02:00:00,3,Completed,Credit Card
ORD-76236595-3717-4833-b563-4dd0e84e5ddc,CUST-fdb82e26-21bc-4f0e-94bc-405d7ac3d2ff,PROD-577a23c6-5b4d-4041-813a-3a8b596ceb04,2025-01-26 14:00:00,3,Pending,Credit Card
ORD-9b39c231-7431-4f72-94fc-a31c196f6b33,CUST-57da39b5-3e40-472f-aad0-6bc1ca109eaf,PROD-e6c46fd7-4654-4fc5-9bae-d335fdd7223f,2025-01-26 19:00:00,2,Pending,Credit Card
ORD-8d60f574-c114-41f7-9a53-7eed632c98ea,CUST-dd863142-b0bb-466d-bcb7-b726d7d2d0d1,PROD-391c0c33-fe4c-43ec-a362-1a200b406e9f,2025-01-27 04:00:00,1,Completed,Credit Card
ORD-7b13b426-6832-4106-9c86-801ff62675f6,CUST-2e32404f-62f6-4529-94e7-8685c870dc28,PROD-64e93a84-4dbb-4661-9ec3-043dd1693d6e,2025-01-27 06:00:00,3,Completed,Credit Card
ORD-70fb4ca5-b623-418c-a718-2cbff202743f,CUST-ed1abfb8-5b2c-4e5d-9dae-c49a86435a04,PROD-64e93a84-4dbb-4661-9ec3-043dd1693d6e,2025-01-27 20:00:00,4,Completed,Apple Pay
ORD-aeacd6e3-e9ad-46a7-85ed-5f07cb4435d8,CUST-784174f9-a283-41cb-a2c1-0a93e7231263,PROD-64e93a84-4dbb-4661-9ec3-043dd1693d6e,2025-01-28 12:00:00,3,Completed,Credit Card
ORD-78f335e5-58d8-4109-a08d-7b0566048d02,CUST-de30a851-4634-48b0-8789-258191a4d145,PROD-aab0afe9-5df6-4b48-ae99-f322e3820802,2025-01-28 13:00:00,2,Completed,PayPal
ORD-740afaa7-6bf4-4a02-ab2b-71cde048ef6f,CUST-5b42ff98-1b2d-487a-8dd0-c3998c92a9ad,PROD-2778f30b-81d5-4495-82c5-3eec31a4cb04,2025-01-29 02:00:00,3,Pending,Credit Card
ORD-93dbb7f1-ab30-4220-8ec6-6037980471f1,CUST-d3ac0f88-1a46-453d-ab91-b53103823874,PROD-577a23c6-5b4d-4041-813a-3a8b596ceb04,2025-01-29 07:00:00,1,Completed,Credit Card
ORD-5b423df0-e63d-4679-a6ef-36363c805182,CUST-15039afd-e253-4b6f-8626-0d1a7b008571,PROD-d70f9c69-d4aa-42b4-ace5-01904a73071a,2025-01-29 08:00:00,4,Completed,Credit Card
ORD-0a90b2cd-c7e0-4d44-88bc-5a2b75c61934,CUST-b44aa1f9-ec75-48cc-9d09-a8b03e2869fe,PROD-35dc3662-e193-4ac2-a527-af21c2f79d56,2025-01-29 18:00:00,2,Completed,Apple Pay
ORD-8cad7c82-932a-4e06-8af9-9d56dc562877,CUST-8f1999d9-fd2a-4188-977c-d6cfde48b12a,PROD-d70f9c69-d4aa-42b4-ace5-01904a73071a,2025-01-29 20:00:00,1,Completed,Debit Card
ORD-8b0af338-835e-4995-8f08-099b56a31a30,CUST-6c293700-18ef-46f0-b9c9-341e1fc2961b,PROD-64314286-d564-4c55-9694-ee4b8b4d89c8,2025-01-30 03:00:00,4,Completed,Credit Card
ORD-5cbf61b5-4d7e-49b5-834c-a3c1173a4eb9,CUST-a4289b67-391a-44c9-96f2-a55d4588e16b,PROD-35dc3662-e193-4ac2-a527-af21c2f79d56,2025-01-30 23:00:00,3,Cancelled,Apple Pay
ORD-db7c34b5-04b7-4729-9dc8-1feacd7f893f,CUST-278bf7ca-92a4-4005-89b5-7b3a47292bbe,PROD-51e479b3-f91a-4677-814a-cb82b2c3c107,2025-02-03 10:00:00,4,Cancelled,Debit Card
ORD-08a76a62-f215-4603-97ec-10869f0aea8d,CUST-17ecd18d-c985-4e38-9bb0-a2fc5b33f332,PROD-aab0afe9-5df6-4b48-ae99-f322e3820802,2025-02-04 00:00:00,3,Pending,Apple Pay
ORD-faae2672-fcdd-4d66-809a-0fb69cf88b60,CUST-8f3e5e6e-3f4c-4d9d-8b5a-fe4d3d9dbec4,PROD-043183ed-f499-422b-ac48-bf3d52113c94,2025-02-04 08:00:00,3,Completed,PayPal
ORD-a7039d56-eb4f-4d96-be70-186c393a2ae4,CUST-6df78fb0-41a7-4d89-a095-847d2642a4bb,PROD-35dc3662-e193-4ac2-a527-af21c2f79d56,2025-02-05 19:00:00,2,Cancelled,Credit Card
ORD-6f17a04e-f257-4e51-8221-7acbcb94f9e8,CUST-32c5671b-9306-42b4-9517-69331a5d346d,PROD-043183ed-f499-422b-ac48-bf3d52113c94,2025-02-06 05:00:00,3,Completed,Debit Card
ORD-dd087026-5ea9-443d-a8bf-c2af8996d036,CUST-fbe5ac25-9ad1-48cb-a082-919f5b22c749,PROD-577a23c6-5b4d-4041-813a-3a8b596ceb04,2025-02-06 18:00:00,3,Completed,Credit Card
ORD-abc49d2f-c16e-48bf-ba7e-e66c48e8e413,CUST-473c7352-267c-4388-82c7-369bfc04647c,PROD-64e93a84-4dbb-4661-9ec3-043dd1693d6e,2025-02-06 18:00:00,1,Pending,Credit Card
ORD-f6542354-eedd-45fb-831e-9ee1c7d25da0,CUST-d09364e1-e4fa-421e-ac13-f0b4f257406f,PROD-d70f9c69-d4aa-42b4-ace5-01904a73071a,2025-02-06 23:00:00,2,Completed,Apple Pay
ORD-6f4b58f4-3263-4934-9ddb-13e2280cc006,CUST-f824216f-4499-4dd8-bee3-9fba5b279618,PROD-51e479b3-f91a-4677-814a-cb82b2c3c107,2025-02-08 17:00:00,4,Completed,Debit Card
ORD-3ce8d3b7-81bb-4c53-86ab-c24300669798,CUST-67721f00-66d7-4fea-9701-bb55cad27454,PROD-e6c46fd7-4654-4fc5-9bae-d335fdd7223f,2025-02-10 12:00:00,3,Completed,Apple Pay
ORD-29a8193b-7674-4d26-8337-d1ec10f5411c,CUST-7e8ec301-b5ad-41c0-9476-2af430f33fdd,PROD-51e479b3-f91a-4677-814a-cb82b2c3c107,2025-02-11 08:00:00,4,Cancelled,Debit Card
ORD-5a4fc8d8-e8e4-4934-98c8-74ca34d0face,CUST-2bef72e7-505b-4dd0-add8-a09c37bfb2ba,PROD-35dc3662-e193-4ac2-a527-af21c2f79d56,2025-02-11 15:00:00,3,Cancelled,Credit Card
ORD-037d3c31-27f7-4971-a05c-6aeba0ba8f7f,CUST-6f6cfa2a-98e6-4c85-8e08-5c2fcd16b563,PROD-35dc3662-e193-4ac2-a527-af21c2f79d56,2025-02-12 06:00:00,1,Completed,Credit Card
ORD-b4cde733-9349-4d4b-b0ab-c23e419ba830,CUST-89510f29-378f-4b4b-91b3-614be79e35ce,PROD-64314286-d564-4c55-9694-ee4b8b4d89c8,2025-02-12 21:00:00,3,Pending,Credit Card
ORD-2e009317-9c70-485e-999b-621b7541236b,CUST-f52a1f42-94a0-4506-a9e9-f1ecb1ddafaf,PROD-64e93a84-4dbb-4661-9ec3-043dd1693d6e,2025-02-14 16:00:00,4,Completed,Apple Pay
ORD-70990909-b689-4868-a25b-6a013e589ed1,CUST-86da949c-b3b9-4d3e-9a24-0425d352f1ee,PROD-e6c46fd7-4654-4fc5-9bae-d335fdd7223f,2025-02-15 22:00:00,1,Completed,PayPal
ORD-e16307c6-2332-474b-b89b-aed07e217981,CUST-04c7f227-e2a9-445c-9f8e-44de0757a481,PROD-64314286-d564-4c55-9694-ee4b8b4d89c8,2025-02-16 00:00:00,4,Completed,PayPal
ORD-6d24da54-845a-4643-8724-dfb568d9c925,CUST-2c089b2e-9344-4b12-9f30-d25072cb2e6c,PROD-043183ed-f499-422b-ac48-bf3d52113c94,2025-02-16 01:00:00,4,Pending,PayPal
ORD-0dc56a2c-0470-4365-9f05-4a5eba1aa43f,CUST-40af7d33-32f9-47f3-8cc3-9ec5b20d1fc4,PROD-e6c46fd7-4654-4fc5-9bae-d335fdd7223f,2025-02-16 12:00:00,4,Completed,PayPal
ORD-610c2b1f-1306-4c46-9b9d-26d4584ce3de,CUST-74db5cc3-ea18-477b-a5f3-dc23c07e1b2a,PROD-d70f9c69-d4aa-42b4-ace5-01904a73071a,2025-02-17 04:00:00,3,Completed,PayPal
ORD-6ce66b50-4432-4630-bed0-3746ae974f08,CUST-17ecd18d-c985-4e38-9bb0-a2fc5b33f332,PROD-51e479b3-f91a-4677-814a-cb82b2c3c107,2025-02-17 06:00:00,4,Pending,Debit Card
ORD-58da962b-2921-4e54-87a1-08c97e457244,CUST-01655386-0c1b-4ac8-afe1-3d4a79daa528,PROD-a85036c2-6bc2-4de1-9d61-afa53c07995a,2025-02-17 23:00:00,3,Completed,Credit Card
ORD-8fa42dac-4b37-4ee8-b19a-48692bf88c58,CUST-6ff160b8-3833-4921-91d1-102ac96fee31,PROD-043183ed-f499-422b-ac48-bf3d52113c94,2025-02-19 08:00:00,4,Cancelled,PayPal
ORD-b888855a-c1eb-4a01-b04e-1f78833e2247,CUST-6def7f02-8db1-47ec-a0f1-ec4d0fdcc6a6,PROD-64314286-d564-4c55-9694-ee4b8b4d89c8,2025-02-19 20:00:00,4,Cancelled,Debit Card
ORD-1e982e82-bf93-4ea4-9379-faa8eff7ac8c,CUST-95ccab1b-fb10-4942-a50e-6f2137aa0a01,PROD-391c0c33-fe4c-43ec-a362-1a200b406e9f,2025-02-20 00:00:00,2,Completed,Debit Card
ORD-2b8a51ca-f025-4837-8e4a-6f675471e9fd,CUST-6def7f02-8db1-47ec-a0f1-ec4d0fdcc6a6,PROD-aab0afe9-5df6-4b48-ae99-f322e3820802,2025-02-22 23:00:00,1,Completed,Apple Pay
ORD-f9d7c08e-4a8e-4cb8-ad2d-6a03fe880f9c,CUST-44508570-a4aa-41a6-a987-9a6f4aced686,PROD-64314286-d564-4c55-9694-ee4b8b4d89c8,2025-02-23 21:00:00,4,Cancelled,Apple Pay
ORD-85480d89-bdb9-4e48-a4d8-df2253c0674b,CUST-ed9662a7-2ca9-43eb-9490-c08a8eb9df54,PROD-d70f9c69-d4aa-42b4-ace5-01904a73071a,2025-02-24 00:00:00,4,Completed,Apple Pay
ORD-f526b341-98bd-41b8-b584-bb1fbfcfc205,CUST-784174f9-a283-41cb-a2c1-0a93e7231263,PROD-e6c46fd7-4654-4fc5-9bae-d335fdd7223f,2025-02-24 10:00:00,4,Completed,Apple Pay
ORD-7f66a16f-95b3-4464-aec0-5568fd7eebd2,CUST-8f86ec83-984f-493b-816d-011e6a885d65,PROD-a85036c2-6bc2-4de1-9d61-afa53c07995a,2025-02-25 17:00:00,2,Pending,PayPal
ORD-e4fb0f20-7394-4544-87ec-fa0849fd41cf,CUST-f824216f-4499-4dd8-bee3-9fba5b279618,PROD-a85036c2-6bc2-4de1-9d61-afa53c07995a,2025-02-26 17:00:00,1,Completed,Credit Card
ORD-6910ffbb-5db5-4c85-8224-bc8358df668f,CUST-8628e829-9120-4108-9040-012d5616cf8c,PROD-aab0afe9-5df6-4b48-ae99-f322e3820802,2025-02-26 19:00:00,4,Cancelled,Debit Card
ORD-dbace25e-90e6-4aa5-8179-86b26f676b16,CUST-771c36cd-26e1-4f04-a110-7c0956e402fd,PROD-043183ed-f499-422b-ac48-bf3d52113c94,2025-02-26 20:00:00,1,Pending,Credit Card
ORD-ca973676-7f59-4e8c-86cb-4349fa7c84d7,CUST-5405e892-a40b-4afc-88ca-0252b5dc9f7b,PROD-aab0afe9-5df6-4b48-ae99-f322e3820802,2025-02-27 12:00:00,3,Completed,Credit Card
ORD-cf9db9da-2441-4c73-9bd3-02706e16cb18,CUST-067316bd-d42b-4a6a-a692-5358bf4297dd,PROD-a85036c2-6bc2-4de1-9d61-afa53c07995a,2025-02-28 09:00:00,2,Completed,PayPal
ORD-113b8b3d-a9ef-4a5c-90a7-87c94ec69eb7,CUST-67721f00-66d7-4fea-9701-bb55cad27454,PROD-35dc3662-e193-4ac2-a527-af21c2f79d56,2025-03-01 06:00:00,3,Completed,Credit Card
ORD-1a5e82a9-4038-4876-a422-1ce541810900,CUST-81a07ad9-9ea5-4c28-ab3d-ea36dc2e1152,PROD-e6c46fd7-4654-4fc5-9bae-d335fdd7223f,2025-03-01 08:00:00,1,Completed,PayPal
ORD-677947d3-ef9f-4295-9907-d3a8cbc0c0ee,CUST-ab25de93-0d02-475a-bfa3-3deb0ddc24b8,PROD-a85036c2-6bc2-4de1-9d61-afa53c07995a,2025-03-03 12:00:00,2,Completed,PayPal
ORD-28a0fd42-847e-452e-8c57-8e81b1f449db,CUST-c5537bfe-f296-4d1c-ac12-269bb25d25b4,PROD-391c0c33-fe4c-43ec-a362-1a200b406e9f,2025-03-03 17:00:00,2,Completed,Debit Card
ORD-b45c50a1-c19e-4d83-a89a-3bdb0f06e30e,CUST-b6ee109a-c632-48ce-879c-a51864c9a037,PROD-64e93a84-4dbb-4661-9ec3-043dd1693d6e,2025-03-05 06:00:00,3,Completed,PayPal
ORD-ccdf91ad-7a0e-4c72-9e37-7207c579a68a,CUST-5e807d1e-e94b-4b6d-b28f-2ad01fd9cc2c,PROD-577a23c6-5b4d-4041-813a-3a8b596ceb04,2025-03-05 12:00:00,3,Completed,Debit Card
ORD-3ffc19a2-2cf0-4aaa-b94f-595dcbf311c2,CUST-07ad50c4-6e0f-45c5-b298-0322db9883f9,PROD-577a23c6-5b4d-4041-813a-3a8b596ceb04,2025-03-05 14:00:00,1,Cancelled,Apple Pay
ORD-005c11e2-ccf4-4343-929f-284f698ed4eb,CUST-78beff06-655f-49aa-b57c-a58649f2447c,PROD-64314286-d564-4c55-9694-ee4b8b4d89c8,2025-03-06 02:00:00,3,Completed,Debit Card
ORD-a3b123c9-8023-40e8-aa07-c36266294969,CUST-bcd92b44-d62b-46aa-8cd0-2c2ee7915164,PROD-35dc3662-e193-4ac2-a527-af21c2f79d56,2025-03-06 15:00:00,3,Completed,PayPal
ORD-467c6c23-05d3-4fc3-8dcd-2c8d9e67ee4f,CUST-6c293700-18ef-46f0-b9c9-341e1fc2961b,PROD-64e93a84-4dbb-4661-9ec3-043dd1693d6e,2025-03-07 07:00:00,4,Cancelled,Credit Card
ORD-906df9f1-07ee-40a4-ab6c-bd3f5e879e21,CUST-bd7f7801-6209-41e8-bd56-46d4c8a38003,PROD-e6c46fd7-4654-4fc5-9bae-d335fdd7223f,2025-03-09 21:00:00,3,Completed,PayPal
ORD-07b43438-1dac-41ab-b763-ff1717b053b5,CUST-bda55a77-5f72-44da-9029-e34a01f889a3,PROD-51e479b3-f91a-4677-814a-cb82b2c3c107,2025-03-10 04:00:00,2,Completed,PayPal
ORD-b0fb491e-f79c-469c-8a51-dc938c8f162f,CUST-2e32404f-62f6-4529-94e7-8685c870dc28,PROD-391c0c33-fe4c-43ec-a362-1a200b406e9f,2025-03-10 05:00:00,3,Completed,Apple Pay
ORD-c7e93ccc-97ee-4b88-8219-44fbc61eed79,CUST-32c5671b-9306-42b4-9517-69331a5d346d,PROD-577a23c6-5b4d-4041-813a-3a8b596ceb04,2025-03-10 15:00:00,4,Completed,Debit Card
ORD-596f733a-f831-4f58-9e06-3fc8adb1ef0b,CUST-36991a36-2d61-4de8-9559-af2905611cd1,PROD-64314286-d564-4c55-9694-ee4b8b4d89c8,2025-03-11 05:00:00,4,Completed,PayPal
ORD-37dc169c-a18e-4e02-9faa-fbe27478f958,CUST-016ec8c2-99c8-4448-98be-ca31d22dbcf9,PROD-e6c46fd7-4654-4fc5-9bae-d335fdd7223f,2025-03-11 17:00:00,3,Completed,Apple Pay
ORD-74bc274b-33ca-47c4-bf90-db9b5b43b7eb,CUST-15a7b2d4-4f99-4908-9a4f-fee7d7b686af,PROD-391c0c33-fe4c-43ec-a362-1a200b406e9f,2025-03-11 17:00:00,3,Completed,Debit Card
ORD-e01d681d-6589-495c-8ec5-62813817a4bd,CUST-d09364e1-e4fa-421e-ac13-f0b4f257406f,PROD-043183ed-f499-422b-ac48-bf3d52113c94,2025-03-11 20:00:00,3,Completed,PayPal
ORD-9c5f2ad7-ece1-4837-beae-1d531c447d76,CUST-8f1999d9-fd2a-4188-977c-d6cfde48b12a,PROD-2778f30b-81d5-4495-82c5-3eec31a4cb04,2025-03-12 16:00:00,4,Completed,PayPal
ORD-556e9750-1ec2-4c9f-bd2f-33ddcc263887,CUST-12d56580-2e45-4bed-ad50-2bf5a3f11b22,PROD-a85036c2-6bc2-4de1-9d61-afa53c07995a,2025-03-12 20:00:00,2,Completed,Apple Pay
ORD-4f651370-e346-4903-8c2d-82d8c758bc92,CUST-f824216f-4499-4dd8-bee3-9fba5b279618,PROD-2778f30b-81d5-4495-82c5-3eec31a4cb04,2025-03-14 14:00:00,3,Completed,Debit Card
ORD-b1ec9936-fb08-4a91-ae22-01992fcb5d36,CUST-de30a851-4634-48b0-8789-258191a4d145,PROD-51e479b3-f91a-4677-814a-cb82b2c3c107,2025-03-15 05:00:00,4,Cancelled,Credit Card
ORD-79cf2dc3-4694-4fe0-8679-6ba5a2801248,CUST-c5537bfe-f296-4d1c-ac12-269bb25d25b4,PROD-a85036c2-6bc2-4de1-9d61-afa53c07995a,2025-03-15 20:00:00,2,Pending,PayPal
ORD-74c45a10-410f-4268-87c3-defe28832e9a,CUST-067316bd-d42b-4a6a-a692-5358bf4297dd,PROD-a85036c2-6bc2-4de1-9d61-afa53c07995a,2025-03-16 03:00:00,3,Cancelled,Debit Card
ORD-3ed791b4-e4ca-48da-ad4f-5efc390ab871,CUST-784174f9-a283-41cb-a2c1-0a93e7231263,PROD-64314286-d564-4c55-9694-ee4b8b4d89c8,2025-03-17 13:00:00,1,Completed,Credit Card
ORD-b6e65aab-f953-496f-be2d-fc4220b467a1,CUST-74ea4fce-e580-41a7-aac2-818d9ceb79e4,PROD-64314286-d564-4c55-9694-ee4b8b4d89c8,2025-03-17 15:00:00,1,Completed,Apple Pay
ORD-1af35478-b44e-4def-b4a8-d1c32832201b,CUST-69a8c523-ec1d-4d25-8a9e-4b46598199cb,PROD-e6c46fd7-4654-4fc5-9bae-d335fdd7223f,2025-03-17 18:00:00,3,Completed,Credit Card
ORD-71aa702c-b7ec-4fa8-a1d7-eddd3b1a4179,CUST-b6ee109a-c632-48ce-879c-a51864c9a037,PROD-043183ed-f499-422b-ac48-bf3d52113c94,2025-03-19 01:00:00,1,Pending,Debit Card
ORD-d616a255-e4df-4797-8e4f-2c68e46c4299,CUST-ddbf7bae-e09f-4211-b623-9bd1bcc7b375,PROD-d70f9c69-d4aa-42b4-ace5-01904a73071a,2025-03-19 07:00:00,2,Pending,Apple Pay
ORD-c16446f6-4e91-479d-bdb9-db79db512e5e,CUST-6ec46708-ad17-493c-9512-ad1515121f08,PROD-51e479b3-f91a-4677-814a-cb82b2c3c107,2025-03-20 01:00:00,1,Pending,Debit Card
ORD-879ece99-8ba7-47ac-8e82-d0e3a9c6647a,CUST-66d6b5e7-eb41-4707-b8db-3151869d74f8,PROD-d70f9c69-d4aa-42b4-ace5-01904a73071a,2025-03-21 07:00:00,3,Completed,Apple Pay
ORD-5764e311-a54a-4f9c-a60b-b7377293ca26,CUST-771c36cd-26e1-4f04-a110-7c0956e402fd,PROD-577a23c6-5b4d-4041-813a-3a8b596ceb04,2025-03-21 11:00:00,2,Cancelled,Credit Card
ORD-63d348c2-fc33-4ccb-8786-df742198fe48,CUST-b807029c-d06b-4727-a348-5260998c2e94,PROD-64e93a84-4dbb-4661-9ec3-043dd1693d6e,2025-03-21 17:00:00,4,Pending,Credit Card
ORD-70efde94-4f52-4ee0-b9d7-5af38bc91aa3,CUST-04d1beb4-7991-4cdb-b622-ffc1f8bd7217,PROD-e6c46fd7-4654-4fc5-9bae-d335fdd7223f,2025-03-21 18:00:00,2,Cancelled,Debit Card
ORD-9286689a-28ef-4796-a427-a3534306f306,CUST-85e4e1d3-99c9-47d2-81b6-5e0fd8d7c795,PROD-043183ed-f499-422b-ac48-bf3d52113c94,2025-03-22 00:00:00,4,Completed,Credit Card
ORD-580aa6ce-45bd-4679-9332-eeb050808ba4,CUST-715b2d7e-13f9-48b7-8665-1ae059fa0ffe,PROD-64314286-d564-4c55-9694-ee4b8b4d89c8,2025-03-22 12:00:00,2,Completed,Debit Card
ORD-3d2badc6-dfaa-4d7f-918d-84beeeaa5836,CUST-2c089b2e-9344-4b12-9f30-d25072cb2e6c,PROD-35dc3662-e193-4ac2-a527-af21c2f79d56,2025-03-23 02:00:00,2,Cancelled,PayPal
ORD-927f900d-fb67-4aaf-808c-cf789206694a,CUST-df994033-b75d-45e3-9bf5-1728617463fa,PROD-64314286-d564-4c55-9694-ee4b8b4d89c8,2025-03-24 20:00:00,2,Completed,Apple Pay
ORD-26f30a05-e3ab-4417-8de7-271336c7697b,CUST-04c7f227-e2a9-445c-9f8e-44de0757a481,PROD-043183ed-f499-422b-ac48-bf3d52113c94,2025-03-24 23:00:00,1,Pending,Credit Card
ORD-a7bbff6c-2502-4d27-9b69-a11af2d2e88f,CUST-07ad50c4-6e0f-45c5-b298-0322db9883f9,PROD-35dc3662-e193-4ac2-a527-af21c2f79d56,2025-03-25 01:00:00,2,Pending,Debit Card
ORD-df44d3d4-b77b-41f1-b2c8-6816adf7e84e,CUST-556df6ed-c10b-45b3-84f2-6c11ecaa2b44,PROD-64314286-d564-4c55-9694-ee4b8b4d89c8,2025-03-25 02:00:00,2,Completed,Apple Pay
ORD-c01d6492-cdcd-46ac-acaa-930800beacd6,CUST-6da6058e-4dd7-4295-9410-4c97deb842e9,PROD-64314286-d564-4c55-9694-ee4b8b4d89c8,2025-03-26 16:00:00,2,Completed,PayPal
ORD-9a8cf57e-b644-4ba4-a429-1828bb7a73ac,CUST-dd863142-b0bb-466d-bcb7-b726d7d2d0d1,PROD-043183ed-f499-422b-ac48-bf3d52113c94,2025-03-27 01:00:00,1,Completed,Apple Pay
ORD-8fae070a-d91f-40de-8413-21095fec4139,CUST-595fc0e9-42f4-4609-9899-722bc2b3068e,PROD-e6c46fd7-4654-4fc5-9bae-d335fdd7223f,2025-03-28 00:00:00,1,Pending,Apple Pay
ORD-1c485208-6b86-438d-87ee-5d64427fc7a2,CUST-4285862b-5264-40a3-9b11-c3218858d586,PROD-64e93a84-4dbb-4661-9ec3-043dd1693d6e,2025-03-28 04:00:00,1,Pending,PayPal
ORD-fe9324be-433c-42eb-9f30-204e1a7c7ec6,CUST-c3f7c517-5d87-413b-bd9c-f4cf4fe56fc3,PROD-64e93a84-4dbb-4661-9ec3-043dd1693d6e,2025-03-29 05:00:00,2,Cancelled,Apple Pay
ORD-29ec1e27-72f1-493f-bbeb-835bd1a69413,CUST-bcc4da93-f446-4277-a430-dbf40b1e1ef5,PROD-64314286-d564-4c55-9694-ee4b8b4d89c8,2025-03-29 12:00:00,2,Completed,PayPal
ORD-ee3ccad9-f047-4742-b295-1c0bb76454bc,CUST-4d10796f-41b0-4387-90d1-cc7d36100661,PROD-e6c46fd7-4654-4fc5-9bae-d335fdd7223f,2025-03-29 13:00:00,2,Pending,Debit Card
ORD-a422e8a3-5ca8-41be-8aae-b4b68c4ee397,CUST-7e8ec301-b5ad-41c0-9476-2af430f33fdd,PROD-577a23c6-5b4d-4041-813a-3a8b596ceb04,2025-03-30 08:00:00,4,Completed,Debit Card
ORD-b2535387-7d91-4b8c-b19b-3ed2deff967a,CUST-a4289b67-391a-44c9-96f2-a55d4588e16b,PROD-d70f9c69-d4aa-42b4-ace5-01904a73071a,2025-03-31 22:00:00,3,Completed,Apple Pay
ORD-918b65e7-94cd-4524-8411-a29bf6d71c14,CUST-5e71198b-9ef8-404f-9048-3613c1a48433,PROD-2778f30b-81d5-4495-82c5-3eec31a4cb04,2025-04-01 01:00:00,2,Cancelled,Debit Card
ORD-38577be7-91a6-4756-b58a-44d8a54138a0,CUST-04d1beb4-7991-4cdb-b622-ffc1f8bd7217,PROD-35dc3662-e193-4ac2-a527-af21c2f79d56,2025-04-01 16:00:00,3,Pending,Debit Card
ORD-adcdd8d7-82a4-4c3b-a455-79d4a4c17081,CUST-9e999ef6-335c-4d00-90d4-6cc6aa6f7da3,PROD-a85036c2-6bc2-4de1-9d61-afa53c07995a,2025-04-01 19:00:00,4,Cancelled,Debit Card
ORD-36d2997e-827d-42b2-a2d6-c1529d8da78a,CUST-e8d9a4a8-320e-459e-a842-4cb241990cf5,PROD-577a23c6-5b4d-4041-813a-3a8b596ceb04,2025-04-02 03:00:00,1,Completed,PayPal
ORD-b327d3c2-0429-4d17-b537-135d2d0d96b6,CUST-30852f6f-577f-4462-a34b-7fd2cb769e28,PROD-577a23c6-5b4d-4041-813a-3a8b596ceb04,2025-04-02 11:00:00,4,Pending,Apple Pay
ORD-6b6a0986-ca43-4915-b41e-6a43e9523c48,CUST-12d56580-2e45-4bed-ad50-2bf5a3f11b22,PROD-64314286-d564-4c55-9694-ee4b8b4d89c8,2025-04-02 20:00:00,2,Completed,Debit Card
ORD-6dc12fb6-5340-4846-a16d-223614d13cfe,CUST-2fb0472e-36a8-43ab-b775-4fbbf6129f94,PROD-043183ed-f499-422b-ac48-bf3d52113c94,2025-04-02 23:00:00,1,Completed,Credit Card
ORD-0358ea35-3c07-49d4-b8e8-1a37b8bb3030,CUST-81a07ad9-9ea5-4c28-ab3d-ea36dc2e1152,PROD-a85036c2-6bc2-4de1-9d61-afa53c07995a,2025-04-03 09:00:00,3,Cancelled,Debit Card
ORD-43109a39-ff25-4795-bc3d-65eb97a5a15c,CUST-c457ed45-8982-46a0-b8ae-b1bec9f81e1b,PROD-577a23c6-5b4d-4041-813a-3a8b596ceb04,2025-04-03 14:00:00,1,Completed,Credit Card
ORD-5fd9cd99-3b42-4f04-9762-4fedb13175a6,CUST-5e71198b-9ef8-404f-9048-3613c1a48433,PROD-2778f30b-81d5-4495-82c5-3eec31a4cb04,2025-04-03 22:00:00,3,Pending,Apple Pay
ORD-4733bdc3-5f0b-4cb7-842b-40965af9a6c1,CUST-8f3e5e6e-3f4c-4d9d-8b5a-fe4d3d9dbec4,PROD-35dc3662-e193-4ac2-a527-af21c2f79d56,2025-04-04 08:00:00,2,Completed,Credit Card
ORD-02515fda-677b-4516-a1b2-99ca8e38ad29,CUST-9e999ef6-335c-4d00-90d4-6cc6aa6f7da3,PROD-391c0c33-fe4c-43ec-a362-1a200b406e9f,2025-04-06 12:00:00,4,Pending,Debit Card
ORD-78226c66-af20-484d-96d2-08dcc93774d6,CUST-772e298a-a837-40e6-b153-bc024c8eeee4,PROD-aab0afe9-5df6-4b48-ae99-f322e3820802,2025-04-06 14:00:00,2,Cancelled,Credit Card
ORD-8fc82b98-8e37-491f-9944-7ca8a3843a5d,CUST-2c089b2e-9344-4b12-9f30-d25072cb2e6c,PROD-577a23c6-5b4d-4041-813a-3a8b596ceb04,2025-04-06 15:00:00,4,Pending,Credit Card
ORD-f1d379d3-19f7-4d59-982f-eefa37412dd0,CUST-0e4acc9f-4a3b-4122-bc7b-99ab2750a3b1,PROD-35dc3662-e193-4ac2-a527-af21c2f79d56,2025-04-07 01:00:00,2,Cancelled,Debit Card
ORD-2abdb614-cfb4-434c-af26-21f1b0c43d97,CUST-df994033-b75d-45e3-9bf5-1728617463fa,PROD-391c0c33-fe4c-43ec-a362-1a200b406e9f,2025-04-08 02:00:00,4,Completed,Apple Pay
ORD-dec43690-8028-44cd-894f-dc2b88edc765,CUST-56093e99-9841-432a-8c38-7afb8abe7b1a,PROD-64314286-d564-4c55-9694-ee4b8b4d89c8,2025-04-08 18:00:00,1,Pending,PayPal
ORD-732717f4-5391-4cbf-99e9-da7886ebfe82,CUST-2e32404f-62f6-4529-94e7-8685c870dc28,PROD-577a23c6-5b4d-4041-813a-3a8b596ceb04,2025-04-09 17:00:00,2,Completed,Debit Card
ORD-637293c3-b850-4634-b9d9-cc2c7468817a,CUST-15039afd-e253-4b6f-8626-0d1a7b008571,PROD-043183ed-f499-422b-ac48-bf3d52113c94,2025-04-11 09:00:00,1,Pending,PayPal
ORD-219d5cc8-0813-4d80-b3c7-4bd66b5ea366,CUST-a5e94f46-44da-4da8-a304-6f753a76f6b6,PROD-51e479b3-f91a-4677-814a-cb82b2c3c107,2025-04-12 00:00:00,4,Completed,PayPal
ORD-fda103fd-4ded-4f7d-9b5a-72f477fb6f41,CUST-d641dbb3-17fe-4fe8-88cc-448c6cbd15fc,PROD-043183ed-f499-422b-ac48-bf3d52113c94,2025-04-12 02:00:00,4,Pending,Apple Pay
ORD-fab1003a-4e37-4223-bc5c-e1d7f8dfca44,CUST-f9d4385f-b21d-4dca-b432-a2a8add65dbc,PROD-2778f30b-81d5-4495-82c5-3eec31a4cb04,2025-04-12 14:00:00,2,Completed,PayPal
ORD-7049972c-5502-448f-9e5c-04556002b07f,CUST-15039afd-e253-4b6f-8626-0d1a7b008571,PROD-2778f30b-81d5-4495-82c5-3eec31a4cb04,2025-04-13 03:00:00,4,Cancelled,Credit Card
ORD-0224f392-f575-401c-92fc-8171dbf42de6,CUST-6ff160b8-3833-4921-91d1-102ac96fee31,PROD-a85036c2-6bc2-4de1-9d61-afa53c07995a,2025-04-13 13:00:00,2,Completed,Apple Pay
ORD-b44ec0a9-0f32-408c-8205-08a6d3c2aee0,CUST-a24b7206-0c2d-45dd-bef1-49d8e4b614f3,PROD-2778f30b-81d5-4495-82c5-3eec31a4cb04,2025-04-13 20:00:00,2,Completed,PayPal
ORD-9ccd7947-2ae5-4e0c-966b-5ef60269f392,CUST-15831d9f-96eb-4352-8a52-e272be4b7d20,PROD-35dc3662-e193-4ac2-a527-af21c2f79d56,2025-04-13 20:00:00,4,Completed,Credit Card
ORD-6b3e39e9-93ad-425d-9aa8-08492f8c71aa,CUST-9e999ef6-335c-4d00-90d4-6cc6aa6f7da3,PROD-d70f9c69-d4aa-42b4-ace5-01904a73071a,2025-04-14 00:00:00,1,Pending,Debit Card
ORD-af3816bc-d0d0-426c-9de5-dea95040b68c,CUST-9e999ef6-335c-4d00-90d4-6cc6aa6f7da3,PROD-a85036c2-6bc2-4de1-9d61-afa53c07995a,2025-04-16 04:00:00,1,Cancelled,PayPal
ORD-92707563-6fd3-49f1-acab-4a67b849500b,CUST-2d268d5b-1cf0-405f-8170-8c0e5604bf76,PROD-391c0c33-fe4c-43ec-a362-1a200b406e9f,2025-04-16 15:00:00,3,Completed,Credit Card
ORD-bf1cc715-dec8-4fe6-95f8-e1d66b810179,CUST-85952cde-f241-469c-af8f-c2308dd362ec,PROD-577a23c6-5b4d-4041-813a-3a8b596ceb04,2025-04-17 11:00:00,1,Cancelled,Credit Card
ORD-85b9b899-af76-408a-91f4-df1c25f5506f,CUST-2fb0472e-36a8-43ab-b775-4fbbf6129f94,PROD-391c0c33-fe4c-43ec-a362-1a200b406e9f,2025-04-17 22:00:00,1,Pending,PayPal
ORD-70f3897c-98fb-49da-9cce-befe04ae16fd,CUST-d3ac0f88-1a46-453d-ab91-b53103823874,PROD-d70f9c69-d4aa-42b4-ace5-01904a73071a,2025-04-18 23:00:00,4,Completed,PayPal
ORD-c03883e8-1bfb-4308-b010-50b37ddbb954,CUST-43e53a5b-b5b0-4d73-aac4-5bac2e392713,PROD-d70f9c69-d4aa-42b4-ace5-01904a73071a,2025-04-19 02:00:00,4,Cancelled,PayPal
ORD-c53afe8a-dfc4-4cb8-a0b3-a94cd46193bb,CUST-b44aa1f9-ec75-48cc-9d09-a8b03e2869fe,PROD-577a23c6-5b4d-4041-813a-3a8b596ceb04,2025-04-19 08:00:00,2,Completed,Debit Card
ORD-00a9809c-0294-4293-b1fa-fe3b425cfcb0,CUST-b6e1e6d0-d918-43f5-a8ff-d5c4745be47e,PROD-aab0afe9-5df6-4b48-ae99-f322e3820802,2025-04-19 14:00:00,3,Pending,Debit Card
ORD-814c75f2-125f-45ef-9ed7-2c030da7e271,CUST-fbe5ac25-9ad1-48cb-a082-919f5b22c749,PROD-64e93a84-4dbb-4661-9ec3-043dd1693d6e,2025-04-19 14:00:00,3,Completed,PayPal
ORD-92f11e90-3369-4daa-a4fc-99eb26877298,CUST-74db5cc3-ea18-477b-a5f3-dc23c07e1b2a,PROD-391c0c33-fe4c-43ec-a362-1a200b406e9f,2025-04-19 18:00:00,2,Completed,Apple Pay
ORD-7f9bd4a0-ec36-4e53-aa32-6574ffd2d917,CUST-7987a7cd-3b84-4c7f-88b1-396e86db8ed3,PROD-64e93a84-4dbb-4661-9ec3-043dd1693d6e,2025-04-21 02:00:00,4,Completed,Apple Pay
ORD-4f02413f-9419-450a-981e-2d5aa4a341c7,CUST-5e71198b-9ef8-404f-9048-3613c1a48433,PROD-35dc3662-e193-4ac2-a527-af21c2f79d56,2025-04-21 05:00:00,1,Completed,Credit Card
ORD-e794f5dc-dab2-4039-a9b7-eb03255c0159,CUST-c457ed45-8982-46a0-b8ae-b1bec9f81e1b,PROD-51e479b3-f91a-4677-814a-cb82b2c3c107,2025-04-21 21:00:00,2,Pending,PayPal
ORD-d62e751c-84e9-42be-8e40-ddf1129e4cff,CUST-087be9ac-cac5-459a-9c30-d1aaf42dfb15,PROD-391c0c33-fe4c-43ec-a362-1a200b406e9f,2025-04-22 04:00:00,4,Completed,Apple Pay
ORD-46efae7b-004d-4b7c-b358-bf129e8358c4,CUST-ee6388a2-fc39-48c9-85f7-df68e6d046af,PROD-51e479b3-f91a-4677-814a-cb82b2c3c107,2025-04-23 12:00:00,2,Completed,Credit Card
ORD-208d5ce1-f19e-496c-add4-5d552b05f62b,CUST-7c043a15-73b4-4d97-8f5b-090c6203edb9,PROD-043183ed-f499-422b-ac48-bf3d52113c94,2025-04-23 20:00:00,3,Completed,Debit Card
ORD-29c917b6-eb81-45ce-92c9-2b5dc1dc152b,CUST-fd9cf896-01c4-4133-8d18-c8776b9b12f5,PROD-577a23c6-5b4d-4041-813a-3a8b596ceb04,2025-04-25 07:00:00,3,Cancelled,PayPal
ORD-9ec9dad3-010c-4b5f-8d80-e20ddbe1609a,CUST-ed1abfb8-5b2c-4e5d-9dae-c49a86435a04,PROD-a85036c2-6bc2-4de1-9d61-afa53c07995a,2025-04-25 09:00:00,4,Completed,Credit Card
ORD-99eb1a66-6017-439d-b8d7-33221756cb3b,CUST-e3abc271-5a00-4d3a-bed1-2be4002dfeee,PROD-2778f30b-81d5-4495-82c5-3eec31a4cb04,2025-04-25 13:00:00,3,Completed,Debit Card
ORD-12afeda0-8df8-4832-a53c-597f6274381c,CUST-5280697d-71e5-4e92-804e-033e5c74a88c,PROD-2778f30b-81d5-4495-82c5-3eec31a4cb04,2025-04-26 01:00:00,1,Cancelled,Debit Card
ORD-2d87fbb1-156d-42bb-ab96-852f7abaa19d,CUST-e31ef663-c483-4b96-b41a-d92a7f22a284,PROD-aab0afe9-5df6-4b48-ae99-f322e3820802,2025-04-26 01:00:00,1,Completed,Debit Card
ORD-490df8f4-ce04-4ad2-b2d0-5524f36b9863,CUST-32c5671b-9306-42b4-9517-69331a5d346d,PROD-51e479b3-f91a-4677-814a-cb82b2c3c107,2025-04-26 03:00:00,2,Cancelled,Credit Card
ORD-56b485f6-c0a5-468b-99f1-bf97bb2a5277,CUST-c98ec440-0f32-43ad-93e9-a9801f7fcefc,PROD-2778f30b-81d5-4495-82c5-3eec31a4cb04,2025-04-26 05:00:00,2,Completed,Apple Pay
ORD-93863c23-53b9-45d4-b31d-17002e2c5bb5,CUST-5d3e62d3-c201-416a-b76f-21ba639e82cc,PROD-2778f30b-81d5-4495-82c5-3eec31a4cb04,2025-04-26 13:00:00,1,Cancelled,Debit Card
ORD-ba115652-019e-4726-913a-4a592a60f0d5,CUST-6f6cfa2a-98e6-4c85-8e08-5c2fcd16b563,PROD-577a23c6-5b4d-4041-813a-3a8b596ceb04,2025-04-26 20:00:00,3,Completed,Debit Card
ORD-0bff3a85-ed0c-40f1-af89-890a9e936728,CUST-dd863142-b0bb-466d-bcb7-b726d7d2d0d1,PROD-d70f9c69-d4aa-42b4-ace5-01904a73071a,2025-04-26 23:00:00,4,Completed,Apple Pay
ORD-9981d555-2bc7-445a-896e-b1e36684b26a,CUST-fdb82e26-21bc-4f0e-94bc-405d7ac3d2ff,PROD-64e93a84-4dbb-4661-9ec3-043dd1693d6e,2025-04-27 03:00:00,2,Completed,Debit Card
ORD-2f17f90d-4555-4be1-9765-549bfb520fb7,CUST-79832843-194d-4dad-be01-2ebbf9b6d44f,PROD-2778f30b-81d5-4495-82c5-3eec31a4cb04,2025-04-27 08:00:00,2,Pending,PayPal
ORD-803d090f-4a05-4ca4-a05c-24f0df236adb,CUST-4a92443a-3da3-4cc4-b574-4cd9aba866b1,PROD-043183ed-f499-422b-ac48-bf3d52113c94,2025-04-27 16:00:00,4,Cancelled,Credit Card
ORD-735c935b-1b4e-45f5-8487-ffe29c70bec7,CUST-ab725235-8229-4135-9d7c-58c275ec26c2,PROD-64e93a84-4dbb-4661-9ec3-043dd1693d6e,2025-04-27 19:00:00,3,Completed,PayPal
ORD-e156e152-ba46-4424-a5d2-41e11ec8f008,CUST-19f698ab-8acf-4648-9527-87e540901f2a,PROD-51e479b3-f91a-4677-814a-cb82b2c3c107,2025-04-28 09:00:00,4,Completed,Debit Card
ORD-58e544d0-1a22-4cfb-8b47-d10c704f1589,CUST-8c4bf145-28aa-4df1-ba55-867d094a6012,PROD-a85036c2-6bc2-4de1-9d61-afa53c07995a,2025-04-29 00:00:00,4,Completed,Apple Pay
ORD-323f547e-06f8-4e7f-b65e-29a341a6beef,CUST-732c6ce3-9e3f-42d4-8590-346407ac5c4f,PROD-043183ed-f499-422b-ac48-bf3d52113c94,2025-04-29 17:00:00,4,Pending,PayPal
ORD-1f58fb58-ba4a-4ab1-b103-29dd658a2013,CUST-2d268d5b-1cf0-405f-8170-8c0e5604bf76,PROD-aab0afe9-5df6-4b48-ae99-f322e3820802,2025-04-29 22:00:00,4,Cancelled,PayPal
ORD-9d2c1110-479f-419d-b9c3-a8fc77e0598d,CUST-34eab866-b096-4219-8091-c398d868dc48,PROD-391c0c33-fe4c-43ec-a362-1a200b406e9f,2025-04-30 15:00:00,2,Completed,Apple Pay
ORD-9d829299-b17e-41ad-ad6d-b7ed86501449,CUST-15831d9f-96eb-4352-8a52-e272be4b7d20,PROD-64314286-d564-4c55-9694-ee4b8b4d89c8,2025-05-01 15:00:00,3,Cancelled,PayPal
ORD-e4667fe1-7c15-4e55-b4f9-afe948fc10f4,CUST-3c0f69b1-f461-4b7c-837d-0fffba5143e9,PROD-35dc3662-e193-4ac2-a527-af21c2f79d56,2025-05-02 08:00:00,4,Completed,Debit Card
ORD-9b84d5ca-5856-4f56-af42-4f90808ab5e2,CUST-4665d28f-3950-47c6-8315-d7d208754021,PROD-64314286-d564-4c55-9694-ee4b8b4d89c8,2025-05-03 21:00:00,1,Pending,Apple Pay
ORD-aeef1b31-14f7-4c85-96a2-79ad9bc081c6,CUST-baba7caa-97bb-4cb2-88f0-aac0f8d825fc,PROD-043183ed-f499-422b-ac48-bf3d52113c94,2025-05-04 10:00:00,1,Completed,Apple Pay
ORD-ea7deb3c-29be-4f4b-980b-87f7cb111e71,CUST-c9ceed30-814d-4ef5-a9ed-7b5a5d5144d0,PROD-e6c46fd7-4654-4fc5-9bae-d335fdd7223f,2025-05-04 20:00:00,4,Completed,Apple Pay
ORD-f964d151-4525-4ac5-8cb4-7d5523b749ba,CUST-1dd0c338-7b77-43cc-908d-b6e20e2b6f34,PROD-2778f30b-81d5-4495-82c5-3eec31a4cb04,2025-05-05 18:00:00,4,Cancelled,Credit Card
ORD-18ceca73-99e3-4f4d-a118-d4309094a8c0,CUST-732c6ce3-9e3f-42d4-8590-346407ac5c4f,PROD-aab0afe9-5df6-4b48-ae99-f322e3820802,2025-05-06 08:00:00,2,Pending,Apple Pay
ORD-1d009bb9-2ba4-4a4e-8bc4-4ff292f36146,CUST-fbe5ac25-9ad1-48cb-a082-919f5b22c749,PROD-64314286-d564-4c55-9694-ee4b8b4d89c8,2025-05-09 00:00:00,4,Completed,Credit Card
ORD-ca4dee5d-c31b-4c14-983b-36a13a5c1dbe,CUST-016ec8c2-99c8-4448-98be-ca31d22dbcf9,PROD-043183ed-f499-422b-ac48-bf3d52113c94,2025-05-09 02:00:00,4,Completed,PayPal
ORD-17ab32c4-6d18-4006-bfde-d6ddc3b0a2e3,CUST-2e32404f-62f6-4529-94e7-8685c870dc28,PROD-a85036c2-6bc2-4de1-9d61-afa53c07995a,2025-05-09 03:00:00,3,Cancelled,PayPal
ORD-2550449f-8277-4d75-9467-629a7e8bb245,CUST-d441b96b-6bf9-4de5-b442-0474915e8ac5,PROD-aab0afe9-5df6-4b48-ae99-f322e3820802,2025-05-09 21:00:00,4,Pending,Credit Card
ORD-219e6966-6529-470d-a769-8e18d022c76f,CUST-268b1a24-d6b8-4a75-88e0-214b2097aea9,PROD-e6c46fd7-4654-4fc5-9bae-d335fdd7223f,2025-05-10 08:00:00,4,Cancelled,PayPal
ORD-4cd86191-d79f-4439-b3a4-1960af80a8a2,CUST-fdb428f7-9cce-4005-80dc-7d13d95e9976,PROD-35dc3662-e193-4ac2-a527-af21c2f79d56,2025-05-10 13:00:00,1,Pending,Apple Pay
ORD-749716ee-4959-4a26-8f73-91bd1a950daa,CUST-387ac0a3-33e7-42ee-9e64-bc5cabb1ac65,PROD-043183ed-f499-422b-ac48-bf3d52113c94,2025-05-12 12:00:00,4,Completed,Debit Card
ORD-70bdcebd-ad68-402e-8516-a8b7b9ddb195,CUST-ee6388a2-fc39-48c9-85f7-df68e6d046af,PROD-51e479b3-f91a-4677-814a-cb82b2c3c107,2025-05-12 18:00:00,4,Cancelled,Debit Card
ORD-ca6e0cba-a517-4097-b30a-5f50dbc636b0,CUST-56093e99-9841-432a-8c38-7afb8abe7b1a,PROD-a85036c2-6bc2-4de1-9d61-afa53c07995a,2025-05-13 00:00:00,4,Completed,PayPal
ORD-400c2bcd-821a-4436-9e80-1db15de58c79,CUST-b44aa1f9-ec75-48cc-9d09-a8b03e2869fe,PROD-577a23c6-5b4d-4041-813a-3a8b596ceb04,2025-05-13 03:00:00,4,Completed,Debit Card
ORD-8992fe73-c501-4e84-8f89-326dd0a0d329,CUST-4a92443a-3da3-4cc4-b574-4cd9aba866b1,PROD-aab0afe9-5df6-4b48-ae99-f322e3820802,2025-05-13 05:00:00,1,Completed,Credit Card
ORD-9f0f2372-3bcb-4494-b4d0-af7b8f0c6574,CUST-732c6ce3-9e3f-42d4-8590-346407ac5c4f,PROD-391c0c33-fe4c-43ec-a362-1a200b406e9f,2025-05-13 12:00:00,3,Cancelled,Debit Card
ORD-981a0579-1c5d-4775-b5bc-c71eecb97281,CUST-1dd0c338-7b77-43cc-908d-b6e20e2b6f34,PROD-64e93a84-4dbb-4661-9ec3-043dd1693d6e,2025-05-14 05:00:00,3,Pending,PayPal
ORD-09e77a51-0843-4a64-8003-5fdb972fa88c,CUST-7c043a15-73b4-4d97-8f5b-090c6203edb9,PROD-64314286-d564-4c55-9694-ee4b8b4d89c8,2025-05-14 20:00:00,3,Pending,PayPal
ORD-54b219bd-64c5-4105-94b3-65004ef6bfcd,CUST-b3fd56f8-c838-468a-9629-33414c7090a5,PROD-577a23c6-5b4d-4041-813a-3a8b596ceb04,2025-05-15 11:00:00,1,Completed,Credit Card
ORD-0855980b-a91b-48c1-9bd2-64d57de8197a,CUST-f9d4385f-b21d-4dca-b432-a2a8add65dbc,PROD-64e93a84-4dbb-4661-9ec3-043dd1693d6e,2025-05-16 00:00:00,2,Completed,Credit Card
ORD-dbc00d71-80ec-49f7-b951-19869848747c,CUST-86da949c-b3b9-4d3e-9a24-0425d352f1ee,PROD-35dc3662-e193-4ac2-a527-af21c2f79d56,2025-05-16 12:00:00,3,Completed,Debit Card
ORD-61fe393f-49fc-4e2a-b945-57231d0523e5,CUST-68fd6abf-5d8f-4287-be3a-fa3b710b5e4d,PROD-35dc3662-e193-4ac2-a527-af21c2f79d56,2025-05-16 13:00:00,2,Completed,Credit Card
ORD-e9892cff-d2aa-429e-830c-d8cc45ef473c,CUST-6f6cfa2a-98e6-4c85-8e08-5c2fcd16b563,PROD-577a23c6-5b4d-4041-813a-3a8b596ceb04,2025-05-16 18:00:00,2,Completed,Credit Card
ORD-85166768-8861-4974-a776-a4fec51bf47d,CUST-d3ac0f88-1a46-453d-ab91-b53103823874,PROD-391c0c33-fe4c-43ec-a362-1a200b406e9f,2025-05-16 19:00:00,1,Pending,PayPal
ORD-f0edf816-06ea-4f2e-8985-f5024023c06f,CUST-ab25de93-0d02-475a-bfa3-3deb0ddc24b8,PROD-35dc3662-e193-4ac2-a527-af21c2f79d56,2025-05-17 09:00:00,3,Completed,Debit Card
ORD-74d6b5e9-a7c2-48d3-a9d5-5147951bc25d,CUST-f9d4385f-b21d-4dca-b432-a2a8add65dbc,PROD-aab0afe9-5df6-4b48-ae99-f322e3820802,2025-05-17 12:00:00,2,Cancelled,Credit Card
ORD-bf89a6b8-09d7-4a0f-a049-2f3bd9bc6d09,CUST-2bef72e7-505b-4dd0-add8-a09c37bfb2ba,PROD-043183ed-f499-422b-ac48-bf3d52113c94,2025-05-17 13:00:00,4,Completed,Apple Pay
ORD-a864e500-82cd-409f-b77f-3021d17411e2,CUST-2e32404f-62f6-4529-94e7-8685c870dc28,PROD-35dc3662-e193-4ac2-a527-af21c2f79d56,2025-05-17 14:00:00,4,Pending,Debit Card
ORD-5bff4b6d-cfd7-496b-907a-8fedc9f8aadd,CUST-9f5cd69e-95b2-4984-a049-5abd953f915d,PROD-d70f9c69-d4aa-42b4-ace5-01904a73071a,2025-05-19 01:00:00,2,Pending,Debit Card
ORD-31e85327-f95f-4ed5-adea-a4b9b055c42c,CUST-d3ac0f88-1a46-453d-ab91-b53103823874,PROD-043183ed-f499-422b-ac48-bf3d52113c94,2025-05-19 06:00:00,3,Completed,PayPal
ORD-29aadb10-f489-4805-9574-08bb2252485c,CUST-6ccd618d-ef72-45cf-83f7-960660bc86a2,PROD-35dc3662-e193-4ac2-a527-af21c2f79d56,2025-05-19 14:00:00,2,Completed,Apple Pay
ORD-3b29fff0-4d18-4d24-973e-fbda70374652,CUST-b14f5581-ad46-4259-9d4d-14dc3c37adf5,PROD-64e93a84-4dbb-4661-9ec3-043dd1693d6e,2025-05-23 00:00:00,4,Cancelled,PayPal
ORD-d96800de-41f2-43ff-836b-e1f72766c4bd,CUST-13b70913-cf74-4e97-bdca-af0d625607be,PROD-35dc3662-e193-4ac2-a527-af21c2f79d56,2025-05-23 15:00:00,3,Completed,Apple Pay
ORD-dd0a4bca-5b44-47de-b4cd-3c2d729b680d,CUST-9e999ef6-335c-4d00-90d4-6cc6aa6f7da3,PROD-2778f30b-81d5-4495-82c5-3eec31a4cb04,2025-05-24 18:00:00,1,Pending,Apple Pay
ORD-3c213374-e3f6-4484-9ba4-b21b7b0d6a99,CUST-13b70913-cf74-4e97-bdca-af0d625607be,PROD-35dc3662-e193-4ac2-a527-af21c2f79d56,2025-05-26 03:00:00,1,Cancelled,Apple Pay
ORD-bdf46c4c-a088-4094-a743-0c6fc40aed8c,CUST-ed1abfb8-5b2c-4e5d-9dae-c49a86435a04,PROD-577a23c6-5b4d-4041-813a-3a8b596ceb04,2025-05-26 09:00:00,2,Completed,Debit Card
ORD-7ecae5f4-0c95-48d3-9bff-f1c1255e2227,CUST-a4289b67-391a-44c9-96f2-a55d4588e16b,PROD-391c0c33-fe4c-43ec-a362-1a200b406e9f,2025-05-26 10:00:00,4,Completed,Credit Card
ORD-0133cf21-131a-4a1c-8e07-e0c187438f72,CUST-2d268d5b-1cf0-405f-8170-8c0e5604bf76,PROD-e6c46fd7-4654-4fc5-9bae-d335fdd7223f,2025-05-26 10:00:00,1,Completed,PayPal
ORD-cbddfa50-59f6-4ce8-a86c-78410faa741e,CUST-ee6388a2-fc39-48c9-85f7-df68e6d046af,PROD-35dc3662-e193-4ac2-a527-af21c2f79d56,2025-05-28 23:00:00,1,Completed,PayPal
ORD-5af6c059-60f7-4e0d-b2bc-da35cf9aa6df,CUST-68fd6abf-5d8f-4287-be3a-fa3b710b5e4d,PROD-391c0c33-fe4c-43ec-a362-1a200b406e9f,2025-05-29 02:00:00,3,Completed,Credit Card
ORD-9f0d3885-7289-47b9-bd94-e3b53988434d,CUST-473c7352-267c-4388-82c7-369bfc04647c,PROD-35dc3662-e193-4ac2-a527-af21c2f79d56,2025-05-29 08:00:00,3,Pending,Debit Card
ORD-f94fb21e-d987-41ba-a2b4-c5b010c9002c,CUST-e3abc271-5a00-4d3a-bed1-2be4002dfeee,PROD-391c0c33-fe4c-43ec-a362-1a200b406e9f,2025-05-30 07:00:00,1,Pending,Credit Card
ORD-446f5351-d7ff-4a1d-aef7-110c9c78a3e1,CUST-df3afc26-cb1e-4791-a2c0-7d070afb6956,PROD-aab0afe9-5df6-4b48-ae99-f322e3820802,2025-05-31 06:00:00,4,Completed,Debit Card
ORD-1f8538d8-2c5c-43ff-8c93-5aa81a1dbefb,CUST-1a4bbba9-81f5-4120-a91a-20c59a1a4e8f,PROD-391c0c33-fe4c-43ec-a362-1a200b406e9f,2025-05-31 07:00:00,3,Completed,Debit Card
ORD-377e7e2a-9682-429e-b8c4-a2ab843e10d6,CUST-32b58449-8c05-4278-a885-0e83cc15e246,PROD-d70f9c69-d4aa-42b4-ace5-01904a73071a,2025-05-31 19:00:00,2,Completed,Credit Card
ORD-af9473e0-629b-4deb-a14f-e7d670758cb9,CUST-fd9cf896-01c4-4133-8d18-c8776b9b12f5,PROD-64e93a84-4dbb-4661-9ec3-043dd1693d6e,2025-06-01 14:00:00,1,Completed,PayPal
ORD-eab1fae5-1068-4528-8083-9b3fb9239faa,CUST-b6e1e6d0-d918-43f5-a8ff-d5c4745be47e,PROD-a85036c2-6bc2-4de1-9d61-afa53c07995a,2025-06-01 17:00:00,1,Cancelled,Credit Card
ORD-0227096b-e113-4f27-8892-83f50d32f8f5,CUST-fdb82e26-21bc-4f0e-94bc-405d7ac3d2ff,PROD-35dc3662-e193-4ac2-a527-af21c2f79d56,2025-06-01 18:00:00,2,Completed,Credit Card
ORD-9b8db676-e01f-49b8-9407-b85d0eb60b58,CUST-9e999ef6-335c-4d00-90d4-6cc6aa6f7da3,PROD-d70f9c69-d4aa-42b4-ace5-01904a73071a,2025-06-01 20:00:00,3,Completed,Apple Pay
ORD-585f071d-a0d2-4ef4-805a-eb57bfe1952f,CUST-2bef72e7-505b-4dd0-add8-a09c37bfb2ba,PROD-e6c46fd7-4654-4fc5-9bae-d335fdd7223f,2025-06-01 20:00:00,1,Completed,Credit Card
ORD-0f1f2afc-cf1e-4bc7-89b1-fc479c411936,CUST-268b1a24-d6b8-4a75-88e0-214b2097aea9,PROD-64314286-d564-4c55-9694-ee4b8b4d89c8,2025-06-02 15:00:00,3,Cancelled,Apple Pay
ORD-c17416b5-8c68-4b47-aca5-88d3a2894f49,CUST-b14f5581-ad46-4259-9d4d-14dc3c37adf5,PROD-51e479b3-f91a-4677-814a-cb82b2c3c107,2025-06-02 16:00:00,3,Pending,Credit Card
ORD-78c01e1c-acf2-449b-b36e-a0df8d0bd7bf,CUST-715b2d7e-13f9-48b7-8665-1ae059fa0ffe,PROD-35dc3662-e193-4ac2-a527-af21c2f79d56,2025-06-02 19:00:00,3,Pending,Debit Card
ORD-be7bf69a-e640-4531-8baf-d4fcad192f0f,CUST-d3ac0f88-1a46-453d-ab91-b53103823874,PROD-391c0c33-fe4c-43ec-a362-1a200b406e9f,2025-06-03 02:00:00,3,Cancelled,Credit Card
ORD-be7403a9-ec3a-4636-860f-437bc4877f7d,CUST-655e9992-b675-4246-9291-918928db9191,PROD-a85036c2-6bc2-4de1-9d61-afa53c07995a,2025-06-03 04:00:00,2,Pending,Apple Pay
ORD-692a44a9-48fe-4a80-b035-9d492942c62f,CUST-95ccab1b-fb10-4942-a50e-6f2137aa0a01,PROD-aab0afe9-5df6-4b48-ae99-f322e3820802,2025-06-03 15:00:00,2,Completed,Debit Card
ORD-b7c9cdd2-ba30-4bcc-80b1-979f7fa8fdb2,CUST-278bf7ca-92a4-4005-89b5-7b3a47292bbe,PROD-2778f30b-81d5-4495-82c5-3eec31a4cb04,2025-06-04 00:00:00,1,Completed,Apple Pay
ORD-c55ca424-6b87-492d-80ce-1da5d3669105,CUST-85952cde-f241-469c-af8f-c2308dd362ec,PROD-64e93a84-4dbb-4661-9ec3-043dd1693d6e,2025-06-04 03:00:00,2,Pending,Debit Card
ORD-7f917b14-bcbe-43bb-9548-af949a1cbeb0,CUST-5e36d5f7-b785-4d8c-a0fa-d52a04037eac,PROD-64314286-d564-4c55-9694-ee4b8b4d89c8,2025-06-04 13:00:00,3,Cancelled,Credit Card
ORD-43802a17-f1af-45ef-a4a3-f55148cfbfaf,CUST-1c12a331-8063-4ab6-b674-f7fa3bfd5a02,PROD-51e479b3-f91a-4677-814a-cb82b2c3c107,2025-06-04 22:00:00,4,Cancelled,Credit Card
ORD-77581257-bf75-46be-acaa-8586ce284403,CUST-c7acf430-20c3-4ba4-a019-3afdb079fed5,PROD-35dc3662-e193-4ac2-a527-af21c2f79d56,2025-06-05 02:00:00,1,Cancelled,PayPal
ORD-48f209a0-e5e9-4c4e-a48c-7a1571bc4cc6,CUST-44929ecf-c923-433b-b140-b75bcae02aa2,PROD-391c0c33-fe4c-43ec-a362-1a200b406e9f,2025-06-05 11:00:00,4,Completed,PayPal
ORD-10309d1c-f00a-429b-a6b6-7b6eebda750c,CUST-ab725235-8229-4135-9d7c-58c275ec26c2,PROD-577a23c6-5b4d-4041-813a-3a8b596ceb04,2025-06-05 23:00:00,3,Completed,Apple Pay
ORD-f26a9270-2b05-4935-83e5-50e05a43c709,CUST-ab25de93-0d02-475a-bfa3-3deb0ddc24b8,PROD-043183ed-f499-422b-ac48-bf3d52113c94,2025-06-06 04:00:00,3,Completed,Debit Card
ORD-4075333a-e6f1-41dd-9ad7-63eace324b5d,CUST-c98ec440-0f32-43ad-93e9-a9801f7fcefc,PROD-e6c46fd7-4654-4fc5-9bae-d335fdd7223f,2025-06-06 20:00:00,1,Cancelled,Apple Pay
ORD-21afeb0c-9bbe-4395-b84b-69155e527838,CUST-67721f00-66d7-4fea-9701-bb55cad27454,PROD-d70f9c69-d4aa-42b4-ace5-01904a73071a,2025-06-06 21:00:00,4,Completed,PayPal
ORD-7e87750b-112d-443f-81fe-aee3f3979fa0,CUST-15831d9f-96eb-4352-8a52-e272be4b7d20,PROD-2778f30b-81d5-4495-82c5-3eec31a4cb04,2025-06-07 18:00:00,4,Completed,PayPal
ORD-68b6156d-abb1-4da1-8dab-6c778bcc4d28,CUST-1c12a331-8063-4ab6-b674-f7fa3bfd5a02,PROD-043183ed-f499-422b-ac48-bf3d52113c94,2025-06-08 10:00:00,3,Pending,Credit Card
ORD-6e6a14d4-c114-4a66-a37f-f36ec52ba65d,CUST-d3ac0f88-1a46-453d-ab91-b53103823874,PROD-64314286-d564-4c55-9694-ee4b8b4d89c8,2025-06-08 19:00:00,3,Completed,Apple Pay
ORD-01edb3a3-cc18-41f7-9d6f-30cb667ff47e,CUST-9e999ef6-335c-4d00-90d4-6cc6aa6f7da3,PROD-64314286-d564-4c55-9694-ee4b8b4d89c8,2025-06-09 08:00:00,2,Completed,PayPal
ORD-2bee6a21-a448-4f92-b064-4fa4639e318d,CUST-a9cdf90d-28e8-4d0c-96d4-37819cc5c921,PROD-64314286-d564-4c55-9694-ee4b8b4d89c8,2025-06-09 16:00:00,1,Completed,PayPal
ORD-1f4fde14-acc2-4070-bdb9-b8d17d0f4730,CUST-d09364e1-e4fa-421e-ac13-f0b4f257406f,PROD-64314286-d564-4c55-9694-ee4b8b4d89c8,2025-06-10 01:00:00,3,Completed,Debit Card
ORD-6f7b329a-8134-4c59-9d03-333f31bf48e1,CUST-784174f9-a283-41cb-a2c1-0a93e7231263,PROD-391c0c33-fe4c-43ec-a362-1a200b406e9f,2025-06-10 09:00:00,3,Completed,PayPal
ORD-fa285806-fc45-4cef-a107-67297db22a56,CUST-e3abc271-5a00-4d3a-bed1-2be4002dfeee,PROD-a85036c2-6bc2-4de1-9d61-afa53c07995a,2025-06-10 14:00:00,2,Pending,PayPal
ORD-299ca654-f98c-4b66-a271-65a723cad090,CUST-441bac50-3db0-42d0-8e18-7fb89cdfb89c,PROD-e6c46fd7-4654-4fc5-9bae-d335fdd7223f,2025-06-11 02:00:00,2,Completed,Apple Pay
ORD-b74d0c84-7689-4ac7-b556-dc941426ef4c,CUST-268b1a24-d6b8-4a75-88e0-214b2097aea9,PROD-577a23c6-5b4d-4041-813a-3a8b596ceb04,2025-06-12 13:00:00,3,Completed,PayPal
ORD-8aa0ca83-3cdd-40d5-ab1e-a673952bb02d,CUST-edbff89a-f66d-4336-b5a6-bd43a287f180,PROD-64e93a84-4dbb-4661-9ec3-043dd1693d6e,2025-06-13 10:00:00,3,Pending,Apple Pay
ORD-f50fb460-263e-4e6e-b5d9-410c139b63b3,CUST-d115c6ea-24c5-4c3d-95b4-d11efb2d27d5,PROD-2778f30b-81d5-4495-82c5-3eec31a4cb04,2025-06-13 11:00:00,1,Cancelled,Credit Card
ORD-bcd84bfc-6799-4081-abed-472327537a76,CUST-ffe08207-15f3-4d12-966c-963f36ad1227,PROD-2778f30b-81d5-4495-82c5-3eec31a4cb04,2025-06-13 15:00:00,1,Completed,Apple Pay
ORD-7bde12d7-d9e3-44ff-bf98-2dd80201e05d,CUST-baba7caa-97bb-4cb2-88f0-aac0f8d825fc,PROD-35dc3662-e193-4ac2-a527-af21c2f79d56,2025-06-13 17:00:00,2,Cancelled,Apple Pay
ORD-931ded22-f912-4669-9677-d1128ca6a7e4,CUST-925ab295-eb95-4b7f-b9a6-1398a49f23e7,PROD-d70f9c69-d4aa-42b4-ace5-01904a73071a,2025-06-14 11:00:00,1,Completed,Apple Pay
ORD-4cd0b0f1-94f0-4bfd-a931-b078a768fb7d,CUST-78337e54-3b4a-4a5f-902c-3a9bc0a56190,PROD-64314286-d564-4c55-9694-ee4b8b4d89c8,2025-06-14 15:00:00,4,Completed,Credit Card
ORD-3928675a-aa42-4b9f-a825-1eb99c247fd2,CUST-68fd6abf-5d8f-4287-be3a-fa3b710b5e4d,PROD-aab0afe9-5df6-4b48-ae99-f322e3820802,2025-06-17 01:00:00,4,Completed,Apple Pay
ORD-9fee2540-d1a9-47d7-a112-80723772fcb7,CUST-f824216f-4499-4dd8-bee3-9fba5b279618,PROD-aab0afe9-5df6-4b48-ae99-f322e3820802,2025-06-17 09:00:00,2,Completed,PayPal
ORD-53f8722a-a49e-42e3-81c8-56506e35bb18,CUST-8628e829-9120-4108-9040-012d5616cf8c,PROD-577a23c6-5b4d-4041-813a-3a8b596ceb04,2025-06-17 17:00:00,2,Completed,Credit Card
ORD-86178c35-81bc-4209-b6db-ba65995cc58b,CUST-2d268d5b-1cf0-405f-8170-8c0e5604bf76,PROD-577a23c6-5b4d-4041-813a-3a8b596ceb04,2025-06-17 19:00:00,3,Completed,PayPal
ORD-7112068b-1f3a-4a5e-bac6-b8af7838ae68,CUST-278bf7ca-92a4-4005-89b5-7b3a47292bbe,PROD-64314286-d564-4c55-9694-ee4b8b4d89c8,2025-06-19 07:00:00,2,Cancelled,Apple Pay
ORD-2671a47b-0b55-4b55-adee-81f18b4b8d54,CUST-7e8ec301-b5ad-41c0-9476-2af430f33fdd,PROD-043183ed-f499-422b-ac48-bf3d52113c94,2025-06-19 12:00:00,2,Completed,Apple Pay
ORD-0eff95b5-0cbc-49af-8123-dc768e339ea3,CUST-e6478782-efe0-45a7-98d9-3986a907b69b,PROD-d70f9c69-d4aa-42b4-ace5-01904a73071a,2025-06-20 02:00:00,2,Completed,Debit Card
ORD-03412aa2-2ab9-4751-9f2c-2bcf36185505,CUST-04d1beb4-7991-4cdb-b622-ffc1f8bd7217,PROD-51e479b3-f91a-4677-814a-cb82b2c3c107,2025-06-21 13:00:00,3,Completed,Debit Card
ORD-35694b92-3d2c-419e-838d-1580710fd4cd,CUST-dba92cf9-cd68-4901-8542-0cc25ddef9a3,PROD-391c0c33-fe4c-43ec-a362-1a200b406e9f,2025-06-21 16:00:00,3,Completed,Credit Card
ORD-5459e6d3-0c8a-45a0-a14a-0dfc21181045,CUST-b3fd56f8-c838-468a-9629-33414c7090a5,PROD-aab0afe9-5df6-4b48-ae99-f322e3820802,2025-06-22 10:00:00,2,Cancelled,PayPal
ORD-4c4ea7d1-e7d9-45d6-bd74-dca31386ca14,CUST-556df6ed-c10b-45b3-84f2-6c11ecaa2b44,PROD-043183ed-f499-422b-ac48-bf3d52113c94,2025-06-23 08:00:00,4,Completed,PayPal
ORD-dc33e7d0-3328-4cc8-84ef-ae087c8aabd8,CUST-e6478782-efe0-45a7-98d9-3986a907b69b,PROD-64e93a84-4dbb-4661-9ec3-043dd1693d6e,2025-06-23 12:00:00,1,Pending,Debit Card
ORD-fc0b036a-4a58-4d18-b245-03c8bfb20b1a,CUST-4285862b-5264-40a3-9b11-c3218858d586,PROD-391c0c33-fe4c-43ec-a362-1a200b406e9f,2025-06-23 21:00:00,3,Completed,PayPal
ORD-b02ece92-eb39-4eae-ba47-dd422ad3f3d2,CUST-15039afd-e253-4b6f-8626-0d1a7b008571,PROD-391c0c33-fe4c-43ec-a362-1a200b406e9f,2025-06-24 19:00:00,1,Completed,Apple Pay
ORD-475b6d6b-b427-4a14-8424-877f2a2c5fad,CUST-b44aa1f9-ec75-48cc-9d09-a8b03e2869fe,PROD-e6c46fd7-4654-4fc5-9bae-d335fdd7223f,2025-06-24 23:00:00,1,Completed,Credit Card
ORD-de55410d-fcbd-4fbe-9ae5-939b2536d012,CUST-25f6b108-5d2f-4d85-805c-2467557d6ebb,PROD-2778f30b-81d5-4495-82c5-3eec31a4cb04,2025-06-25 00:00:00,1,Cancelled,Apple Pay
ORD-0511b93f-d4bd-4c6d-aa9c-aba8d985527f,CUST-32b58449-8c05-4278-a885-0e83cc15e246,PROD-2778f30b-81d5-4495-82c5-3eec31a4cb04,2025-06-25 13:00:00,3,Completed,Debit Card
ORD-3236582c-ccdf-4786-89ff-4c8024260ff9,CUST-01655386-0c1b-4ac8-afe1-3d4a79daa528,PROD-35dc3662-e193-4ac2-a527-af21c2f79d56,2025-06-25 14:00:00,4,Cancelled,PayPal
ORD-8a368ba1-6520-457f-9177-4baf3ab29a6a,CUST-f824216f-4499-4dd8-bee3-9fba5b279618,PROD-577a23c6-5b4d-4041-813a-3a8b596ceb04,2025-06-28 04:00:00,2,Completed,Apple Pay
ORD-98815617-222f-47cd-b6e4-48d4e5a2d2f7,CUST-edbff89a-f66d-4336-b5a6-bd43a287f180,PROD-35dc3662-e193-4ac2-a527-af21c2f79d56,2025-06-28 15:00:00,3,Completed,PayPal
ORD-d8f29667-1919-4ee5-b83f-703514712839,CUST-85e4e1d3-99c9-47d2-81b6-5e0fd8d7c795,PROD-577a23c6-5b4d-4041-813a-3a8b596ceb04,2025-06-29 11:00:00,3,Completed,Apple Pay
ORD-e63994a3-61ae-452a-be1a-054cba877e01,CUST-b44aa1f9-ec75-48cc-9d09-a8b03e2869fe,PROD-577a23c6-5b4d-4041-813a-3a8b596ceb04,2025-06-29 20:00:00,3,Pending,Debit Card
ORD-64000ad8-a2df-47b8-a13d-423101bb3de0,CUST-74ea4fce-e580-41a7-aac2-818d9ceb79e4,PROD-a85036c2-6bc2-4de1-9d61-afa53c07995a,2025-07-01 13:00:00,1,Completed,PayPal
ORD-57480d54-7fe0-4e5b-99d8-baa987197caa,CUST-79832843-194d-4dad-be01-2ebbf9b6d44f,PROD-391c0c33-fe4c-43ec-a362-1a200b406e9f,2025-07-02 01:00:00,1,Pending,Debit Card
ORD-380b2ac0-48bc-4f57-b7e9-214047d0cba0,CUST-44508570-a4aa-41a6-a987-9a6f4aced686,PROD-043183ed-f499-422b-ac48-bf3d52113c94,2025-07-02 02:00:00,1,Completed,Debit Card
ORD-96aff88c-4769-423e-84d9-570812b3fee6,CUST-5e36d5f7-b785-4d8c-a0fa-d52a04037eac,PROD-a85036c2-6bc2-4de1-9d61-afa53c07995a,2025-07-02 16:00:00,4,Completed,Debit Card
ORD-45022195-b9b3-4de4-a43e-6b53f8847757,CUST-2fb0472e-36a8-43ab-b775-4fbbf6129f94,PROD-2778f30b-81d5-4495-82c5-3eec31a4cb04,2025-07-03 04:00:00,2,Completed,Debit Card
ORD-a011789a-c2f2-4fe8-948f-29c166a5bbc8,CUST-78beff06-655f-49aa-b57c-a58649f2447c,PROD-577a23c6-5b4d-4041-813a-3a8b596ceb04,2025-07-03 10:00:00,4,Cancelled,Apple Pay
ORD-57d71d54-0541-4bf3-92cd-c011a3d894ff,CUST-bcc4da93-f446-4277-a430-dbf40b1e1ef5,PROD-d70f9c69-d4aa-42b4-ace5-01904a73071a,2025-07-03 16:00:00,1,Pending,Credit Card
ORD-90d7e240-27c2-4f9c-82e7-fb18a0747f2b,CUST-89510f29-378f-4b4b-91b3-614be79e35ce,PROD-64314286-d564-4c55-9694-ee4b8b4d89c8,2025-07-04 06:00:00,4,Completed,PayPal
ORD-72b3d008-9f36-4fbc-af1d-981bcf28b4f8,CUST-ab25de93-0d02-475a-bfa3-3deb0ddc24b8,PROD-aab0afe9-5df6-4b48-ae99-f322e3820802,2025-07-04 10:00:00,4,Cancelled,Credit Card
ORD-dc2ffa11-0352-4eda-bd68-78cb17df54c2,CUST-016ec8c2-99c8-4448-98be-ca31d22dbcf9,PROD-d70f9c69-d4aa-42b4-ace5-01904a73071a,2025-07-04 10:00:00,2,Completed,Apple Pay
ORD-f4abbd66-8387-459c-9e52-25bcf8aacdb4,CUST-40af7d33-32f9-47f3-8cc3-9ec5b20d1fc4,PROD-577a23c6-5b4d-4041-813a-3a8b596ceb04,2025-07-05 04:00:00,2,Completed,Apple Pay
ORD-0e50c310-ae70-4627-be9b-9e17e257f434,CUST-5b42ff98-1b2d-487a-8dd0-c3998c92a9ad,PROD-d70f9c69-d4aa-42b4-ace5-01904a73071a,2025-07-05 16:00:00,3,Completed,PayPal
ORD-6121a7a5-9e6b-4ee1-a654-f2ef317cb492,CUST-dd863142-b0bb-466d-bcb7-b726d7d2d0d1,PROD-a85036c2-6bc2-4de1-9d61-afa53c07995a,2025-07-05 18:00:00,3,Cancelled,Apple Pay
ORD-d2d721a5-4bfc-44a0-bdbf-312f718d10cf,CUST-c457ed45-8982-46a0-b8ae-b1bec9f81e1b,PROD-2778f30b-81d5-4495-82c5-3eec31a4cb04,2025-07-07 05:00:00,3,Cancelled,Credit Card
ORD-5dd7710c-489d-401e-82be-8fc93c977d9e,CUST-8f1999d9-fd2a-4188-977c-d6cfde48b12a,PROD-e6c46fd7-4654-4fc5-9bae-d335fdd7223f,2025-07-09 02:00:00,4,Pending,Credit Card
ORD-80ec6e64-5497-4299-bbd2-087b876705b2,CUST-6c293700-18ef-46f0-b9c9-341e1fc2961b,PROD-35dc3662-e193-4ac2-a527-af21c2f79d56,2025-07-09 09:00:00,4,Completed,Debit Card
ORD-921553b7-412d-4923-b4c7-c53b3e9ffdbd,CUST-772e298a-a837-40e6-b153-bc024c8eeee4,PROD-043183ed-f499-422b-ac48-bf3d52113c94,2025-07-09 16:00:00,4,Completed,Apple Pay
ORD-49cc5966-923d-46cb-b451-7f16eb57c9b0,CUST-d3ac0f88-1a46-453d-ab91-b53103823874,PROD-aab0afe9-5df6-4b48-ae99-f322e3820802,2025-07-09 21:00:00,3,Completed,Apple Pay
ORD-58a89d9f-fc4f-4705-80e0-e31b216c0b8b,CUST-c9ceed30-814d-4ef5-a9ed-7b5a5d5144d0,PROD-64e93a84-4dbb-4661-9ec3-043dd1693d6e,2025-07-09 23:00:00,1,Completed,Debit Card
ORD-1f5f5b01-9f9d-493a-98a1-c9bf485136ae,CUST-c7acf430-20c3-4ba4-a019-3afdb079fed5,PROD-51e479b3-f91a-4677-814a-cb82b2c3c107,2025-07-10 10:00:00,2,Cancelled,Credit Card
ORD-0bc7b9a3-3006-4d6e-8974-c9207c01084f,CUST-78beff06-655f-49aa-b57c-a58649f2447c,PROD-51e479b3-f91a-4677-814a-cb82b2c3c107,2025-07-10 19:00:00,1,Cancelled,Credit Card
ORD-864ff743-8278-4171-a375-04d08b27390d,CUST-12d56580-2e45-4bed-ad50-2bf5a3f11b22,PROD-35dc3662-e193-4ac2-a527-af21c2f79d56,2025-07-11 07:00:00,4,Completed,Debit Card
ORD-8fc4585d-acbc-4fec-980f-2bd793e958a3,CUST-d641dbb3-17fe-4fe8-88cc-448c6cbd15fc,PROD-043183ed-f499-422b-ac48-bf3d52113c94,2025-07-11 11:00:00,4,Completed,PayPal
ORD-172f05ce-764a-40a1-a535-6fb5600109fd,CUST-7da9b312-dc11-405d-9ec8-dfa0cd972edf,PROD-a85036c2-6bc2-4de1-9d61-afa53c07995a,2025-07-15 10:00:00,3,Completed,Credit Card
ORD-117b5fa4-adaf-4dae-a244-a894ea9ceb42,CUST-95ccab1b-fb10-4942-a50e-6f2137aa0a01,PROD-d70f9c69-d4aa-42b4-ace5-01904a73071a,2025-07-17 01:00:00,1,Completed,PayPal
ORD-aeed802e-d67a-488b-9b22-46729ec26906,CUST-e3abc271-5a00-4d3a-bed1-2be4002dfeee,PROD-391c0c33-fe4c-43ec-a362-1a200b406e9f,2025-07-17 05:00:00,4,Completed,Debit Card
ORD-0b217fee-a33a-4e88-84cb-3c39ed2628e5,CUST-86da949c-b3b9-4d3e-9a24-0425d352f1ee,PROD-e6c46fd7-4654-4fc5-9bae-d335fdd7223f,2025-07-17 16:00:00,3,Completed,Debit Card
ORD-d224ad35-9dab-4511-8a93-3d38e3790136,CUST-b6e1e6d0-d918-43f5-a8ff-d5c4745be47e,PROD-35dc3662-e193-4ac2-a527-af21c2f79d56,2025-07-18 05:00:00,4,Completed,PayPal
ORD-64b2cba4-ed54-4b58-8bbf-f3dfb4a54ce8,CUST-de30a851-4634-48b0-8789-258191a4d145,PROD-64e93a84-4dbb-4661-9ec3-043dd1693d6e,2025-07-18 05:00:00,4,Completed,Apple Pay
ORD-3fcbcd4c-09d0-4a7b-88f5-31cd1088207c,CUST-4285862b-5264-40a3-9b11-c3218858d586,PROD-391c0c33-fe4c-43ec-a362-1a200b406e9f,2025-07-18 17:00:00,3,Completed,Apple Pay
ORD-a8b77fb5-8c5a-43bf-a5b7-1aea944a6667,CUST-655e9992-b675-4246-9291-918928db9191,PROD-64e93a84-4dbb-4661-9ec3-043dd1693d6e,2025-07-19 00:00:00,1,Pending,Debit Card
ORD-4cc33c95-8077-4a8e-98cb-f132c392fa0b,CUST-655e9992-b675-4246-9291-918928db9191,PROD-043183ed-f499-422b-ac48-bf3d52113c94,2025-07-19 05:00:00,2,Completed,PayPal
ORD-b14f49d6-611b-44dd-930b-97d3b8147b00,CUST-6da6058e-4dd7-4295-9410-4c97deb842e9,PROD-391c0c33-fe4c-43ec-a362-1a200b406e9f,2025-07-19 20:00:00,3,Completed,PayPal
ORD-d4a2b1df-8971-4339-846e-60ea5d81edb7,CUST-5db996f6-8cae-405a-b9e5-5770eef97b1c,PROD-51e479b3-f91a-4677-814a-cb82b2c3c107,2025-07-20 21:00:00,3,Completed,Debit Card
ORD-95b1b563-ac4b-47b8-b0cf-e98d84b2e2be,CUST-ab5c39a2-ef05-4606-9c4f-fd4610a69963,PROD-d70f9c69-d4aa-42b4-ace5-01904a73071a,2025-07-21 17:00:00,2,Completed,Debit Card
ORD-28f5a923-a16f-4052-af4f-711579453245,CUST-caa00197-d1c5-468c-a656-0a9f4b19214a,PROD-64314286-d564-4c55-9694-ee4b8b4d89c8,2025-07-22 07:00:00,4,Completed,PayPal
ORD-980e8fbb-9f66-4a28-baa6-6f6def950f12,CUST-7abc9ca0-84b5-46fc-be9a-6e102e89a3be,PROD-64314286-d564-4c55-9694-ee4b8b4d89c8,2025-07-24 01:00:00,2,Cancelled,Apple Pay
ORD-b23d65bf-2639-4ec1-bac5-c7697708004d,CUST-46af5dcf-3e02-4a33-ab80-4e1decd46eca,PROD-64314286-d564-4c55-9694-ee4b8b4d89c8,2025-07-25 17:00:00,2,Pending,Apple Pay
ORD-42ef8354-67ff-4dfd-9bbb-d1c111ffe3be,CUST-4a92443a-3da3-4cc4-b574-4cd9aba866b1,PROD-2778f30b-81d5-4495-82c5-3eec31a4cb04,2025-07-26 02:00:00,4,Completed,Debit Card
ORD-e8ef7631-b844-475f-9ae0-80f2b0be2941,CUST-d92f518f-b4fc-455b-a0da-215c22e9ab03,PROD-043183ed-f499-422b-ac48-bf3d52113c94,2025-07-26 12:00:00,3,Pending,Credit Card
ORD-4f04663f-3d8e-4267-b2a4-b5e9eaddec5d,CUST-a5e94f46-44da-4da8-a304-6f753a76f6b6,PROD-aab0afe9-5df6-4b48-ae99-f322e3820802,2025-07-26 14:00:00,3,Completed,Apple Pay
ORD-c030fa7f-fb22-4c9a-a5b3-186b58d8ae71,CUST-4d10796f-41b0-4387-90d1-cc7d36100661,PROD-64e93a84-4dbb-4661-9ec3-043dd1693d6e,2025-07-26 14:00:00,1,Cancelled,Debit Card
ORD-524e803a-d79c-4a26-a01a-33416aa5d95c,CUST-49e30b2f-0793-4b82-a757-1f2a59ee4fa6,PROD-aab0afe9-5df6-4b48-ae99-f322e3820802,2025-07-26 23:00:00,3,Cancelled,Apple Pay
ORD-cc71f8c8-46b3-4f81-b229-83c601b1190d,CUST-15039afd-e253-4b6f-8626-0d1a7b008571,PROD-a85036c2-6bc2-4de1-9d61-afa53c07995a,2025-07-27 02:00:00,4,Completed,Apple Pay
ORD-b72eebc7-1f6d-4245-b0c4-83c71192bcdc,CUST-78337e54-3b4a-4a5f-902c-3a9bc0a56190,PROD-577a23c6-5b4d-4041-813a-3a8b596ceb04,2025-07-27 11:00:00,2,Completed,Credit Card
ORD-8614112d-ed1a-4625-abc8-3b5d778e3420,CUST-81a07ad9-9ea5-4c28-ab3d-ea36dc2e1152,PROD-e6c46fd7-4654-4fc5-9bae-d335fdd7223f,2025-07-27 18:00:00,4,Completed,Debit Card
ORD-51edb038-b613-4f5a-a59e-5109009d438a,CUST-2fa4b61e-0674-4eeb-99cf-090674f217cf,PROD-2778f30b-81d5-4495-82c5-3eec31a4cb04,2025-07-28 05:00:00,1,Pending,Credit Card
ORD-2340268e-41c7-46a7-8053-3ed72269189d,CUST-7da9b312-dc11-405d-9ec8-dfa0cd972edf,PROD-043183ed-f499-422b-ac48-bf3d52113c94,2025-07-29 23:00:00,4,Completed,Credit Card
ORD-851ae252-8822-44af-a063-1862d8f706c4,CUST-12d56580-2e45-4bed-ad50-2bf5a3f11b22,PROD-64314286-d564-4c55-9694-ee4b8b4d89c8,2025-07-30 01:00:00,3,Cancelled,Credit Card
ORD-ad7901b0-f063-4d57-a57b-ddbbb0162c1d,CUST-6b60369d-713d-45d7-8930-9bac02cd501f,PROD-a85036c2-6bc2-4de1-9d61-afa53c07995a,2025-07-30 19:00:00,2,Pending,Apple Pay
ORD-f3644b14-4acd-46e3-9b1a-1a8f33e54869,CUST-3c0f69b1-f461-4b7c-837d-0fffba5143e9,PROD-51e479b3-f91a-4677-814a-cb82b2c3c107,2025-07-31 21:00:00,4,Completed,Apple Pay
ORD-9633af8e-4d1d-4b20-96eb-330b8df9edfd,CUST-7abc9ca0-84b5-46fc-be9a-6e102e89a3be,PROD-391c0c33-fe4c-43ec-a362-1a200b406e9f,2025-08-01 14:00:00,2,Completed,Debit Card
ORD-bec9aec6-781b-46dd-9080-d10301602daa,CUST-ab5c39a2-ef05-4606-9c4f-fd4610a69963,PROD-2778f30b-81d5-4495-82c5-3eec31a4cb04,2025-08-01 15:00:00,1,Completed,Debit Card
ORD-d386214e-4b39-4ff8-be65-8445904ccbca,CUST-d09364e1-e4fa-421e-ac13-f0b4f257406f,PROD-35dc3662-e193-4ac2-a527-af21c2f79d56,2025-08-02 07:00:00,2,Cancelled,Apple Pay
ORD-0fe07e3f-d121-4d94-b9db-db259d6c3d2f,CUST-36991a36-2d61-4de8-9559-af2905611cd1,PROD-e6c46fd7-4654-4fc5-9bae-d335fdd7223f,2025-08-02 19:00:00,2,Completed,PayPal
ORD-34364aee-f0ff-4022-837f-4f86f4667403,CUST-62911fb1-8ff1-4bcc-961f-1ce6f9def6c6,PROD-391c0c33-fe4c-43ec-a362-1a200b406e9f,2025-08-03 05:00:00,2,Pending,Apple Pay
ORD-3eed7f26-2ff2-4aa0-b400-9ae3e7f245da,CUST-46af5dcf-3e02-4a33-ab80-4e1decd46eca,PROD-043183ed-f499-422b-ac48-bf3d52113c94,2025-08-03 22:00:00,4,Cancelled,PayPal
ORD-ae5b53a9-191f-4ada-b836-58119c96647d,CUST-f824216f-4499-4dd8-bee3-9fba5b279618,PROD-577a23c6-5b4d-4041-813a-3a8b596ceb04,2025-08-04 04:00:00,3,Cancelled,Credit Card
ORD-5ddceb76-da25-47ab-b052-562103e8c464,CUST-f52a1f42-94a0-4506-a9e9-f1ecb1ddafaf,PROD-043183ed-f499-422b-ac48-bf3d52113c94,2025-08-04 06:00:00,1,Pending,Debit Card
ORD-ec850891-34d8-4dbc-a86f-6b13cb375710,CUST-2bef72e7-505b-4dd0-add8-a09c37bfb2ba,PROD-51e479b3-f91a-4677-814a-cb82b2c3c107,2025-08-04 18:00:00,1,Completed,PayPal
ORD-59cd796f-8074-4781-b6e1-6162b3f152c1,CUST-40af7d33-32f9-47f3-8cc3-9ec5b20d1fc4,PROD-35dc3662-e193-4ac2-a527-af21c2f79d56,2025-08-06 15:00:00,3,Completed,Apple Pay
ORD-d8a644cf-f60f-4a9c-b111-00eb0175d07a,CUST-74ea4fce-e580-41a7-aac2-818d9ceb79e4,PROD-a85036c2-6bc2-4de1-9d61-afa53c07995a,2025-08-07 09:00:00,2,Completed,Apple Pay
ORD-c2535e29-df77-4521-9336-ec5dcc7557ec,CUST-79832843-194d-4dad-be01-2ebbf9b6d44f,PROD-51e479b3-f91a-4677-814a-cb82b2c3c107,2025-08-07 11:00:00,3,Pending,PayPal
ORD-8999f6c0-265c-493c-99a5-2041e8d6491e,CUST-2e32404f-62f6-4529-94e7-8685c870dc28,PROD-391c0c33-fe4c-43ec-a362-1a200b406e9f,2025-08-08 02:00:00,1,Completed,PayPal
ORD-bb3d57f0-6bbe-4ec3-8d52-e7aa9052b30e,CUST-04c7f227-e2a9-445c-9f8e-44de0757a481,PROD-64314286-d564-4c55-9694-ee4b8b4d89c8,2025-08-08 04:00:00,2,Completed,Apple Pay
ORD-c18eb010-92fa-41b1-bbc2-bfab372da3f6,CUST-dc22b158-e36d-4141-bc28-90fe6d2daac7,PROD-391c0c33-fe4c-43ec-a362-1a200b406e9f,2025-08-09 03:00:00,1,Completed,Debit Card
ORD-83a0fc18-eb06-4439-987a-2354de3f0a67,CUST-ed704256-1094-4d9c-ab9e-9796657e597c,PROD-577a23c6-5b4d-4041-813a-3a8b596ceb04,2025-08-09 05:00:00,1,Completed,Debit Card
ORD-24031a2d-0902-4a0d-998f-edfc02d21b98,CUST-6ccd618d-ef72-45cf-83f7-960660bc86a2,PROD-aab0afe9-5df6-4b48-ae99-f322e3820802,2025-08-09 07:00:00,1,Completed,PayPal
ORD-ffdd1caa-c8a6-4040-b012-00969062aaff,CUST-fbe5ac25-9ad1-48cb-a082-919f5b22c749,PROD-51e479b3-f91a-4677-814a-cb82b2c3c107,2025-08-10 03:00:00,4,Completed,PayPal
ORD-3119bcc4-1c93-4da5-970b-794d22e12692,CUST-fdb82e26-21bc-4f0e-94bc-405d7ac3d2ff,PROD-aab0afe9-5df6-4b48-ae99-f322e3820802,2025-08-10 06:00:00,4,Pending,Credit Card
ORD-6d4a748e-404d-4126-9f62-541665e1217c,CUST-473c7352-267c-4388-82c7-369bfc04647c,PROD-391c0c33-fe4c-43ec-a362-1a200b406e9f,2025-08-11 17:00:00,3,Completed,PayPal
ORD-de3785fd-cbaf-4dbf-8a96-380368e035a4,CUST-49e30b2f-0793-4b82-a757-1f2a59ee4fa6,PROD-a85036c2-6bc2-4de1-9d61-afa53c07995a,2025-08-12 14:00:00,4,Completed,Credit Card
ORD-a6862f99-46e5-4175-9695-949ea8fc024d,CUST-68fd6abf-5d8f-4287-be3a-fa3b710b5e4d,PROD-e6c46fd7-4654-4fc5-9bae-d335fdd7223f,2025-08-15 21:00:00,4,Completed,Apple Pay
ORD-bf80ff83-26a6-4b4c-bc80-ea852c86da9b,CUST-4a92443a-3da3-4cc4-b574-4cd9aba866b1,PROD-d70f9c69-d4aa-42b4-ace5-01904a73071a,2025-08-16 03:00:00,2,Completed,Apple Pay
ORD-32901fe8-627b-44df-9306-3403edbf9861,CUST-cb8a37ee-0994-4180-84bb-e199be2c4792,PROD-577a23c6-5b4d-4041-813a-3a8b596ceb04,2025-08-17 13:00:00,3,Completed,Credit Card
ORD-872b9813-2e3f-4c5d-b985-8a1ca044642b,CUST-c4a6eeb2-049e-4f23-b670-c41e6422c3ed,PROD-2778f30b-81d5-4495-82c5-3eec31a4cb04,2025-08-17 16:00:00,4,Pending,Apple Pay
ORD-f59bc230-8296-4217-a25d-7859d46f1dbd,CUST-2d885662-8a97-47ed-8bfa-095fa6217090,PROD-043183ed-f499-422b-ac48-bf3d52113c94,2025-08-19 00:00:00,4,Cancelled,PayPal
ORD-a3a00e5e-2380-477c-94db-c5bcb9b59ae8,CUST-68fd6abf-5d8f-4287-be3a-fa3b710b5e4d,PROD-391c0c33-fe4c-43ec-a362-1a200b406e9f,2025-08-19 00:00:00,2,Pending,Debit Card
ORD-2f32a80b-bc4e-4ed4-bd65-258137a9db61,CUST-88364007-2995-49ef-aa03-0d2d0e226c84,PROD-391c0c33-fe4c-43ec-a362-1a200b406e9f,2025-08-23 17:00:00,1,Completed,Apple Pay
ORD-5726f231-55f1-45eb-813c-380f214967f4,CUST-5a330df0-a93d-421c-a98e-e06b626a0d0a,PROD-aab0afe9-5df6-4b48-ae99-f322e3820802,2025-08-23 18:00:00,3,Completed,Debit Card
ORD-34640923-6f56-449e-8dbc-30472b2af1ff,CUST-25f6b108-5d2f-4d85-805c-2467557d6ebb,PROD-a85036c2-6bc2-4de1-9d61-afa53c07995a,2025-08-23 21:00:00,1,Completed,Debit Card
ORD-e1a0b5c6-a0a9-4ab3-af68-4af0efc4a40c,CUST-5d3e62d3-c201-416a-b76f-21ba639e82cc,PROD-043183ed-f499-422b-ac48-bf3d52113c94,2025-08-25 04:00:00,3,Completed,Debit Card
ORD-98cd05f0-7a23-4c5b-b6fc-70797ff60039,CUST-8f86ec83-984f-493b-816d-011e6a885d65,PROD-51e479b3-f91a-4677-814a-cb82b2c3c107,2025-08-25 15:00:00,4,Pending,Debit Card
ORD-38bd3de7-4493-4fe0-b64e-e110ce643824,CUST-66d6b5e7-eb41-4707-b8db-3151869d74f8,PROD-64314286-d564-4c55-9694-ee4b8b4d89c8,2025-08-25 21:00:00,3,Completed,Apple Pay
ORD-cdd578b4-a1f0-49af-9944-e77fa7742d21,CUST-8101046c-3a6f-4897-a2db-036434463f11,PROD-391c0c33-fe4c-43ec-a362-1a200b406e9f,2025-08-26 02:00:00,4,Completed,Debit Card
ORD-0476f238-027f-4082-ac0c-b68af227e36f,CUST-556df6ed-c10b-45b3-84f2-6c11ecaa2b44,PROD-64e93a84-4dbb-4661-9ec3-043dd1693d6e,2025-08-26 05:00:00,1,Completed,Credit Card
ORD-f5dbbd3a-c34a-459c-a902-fb4ed29696ac,CUST-b44aa1f9-ec75-48cc-9d09-a8b03e2869fe,PROD-2778f30b-81d5-4495-82c5-3eec31a4cb04,2025-08-26 06:00:00,4,Cancelled,Credit Card
ORD-f4d75bb6-6b3f-4957-a067-65d96db270ee,CUST-85e4e1d3-99c9-47d2-81b6-5e0fd8d7c795,PROD-64e93a84-4dbb-4661-9ec3-043dd1693d6e,2025-08-27 10:00:00,1,Completed,Credit Card
ORD-8eab5363-8261-4edc-87de-c3e8e4f0911e,CUST-85e4e1d3-99c9-47d2-81b6-5e0fd8d7c795,PROD-35dc3662-e193-4ac2-a527-af21c2f79d56,2025-08-28 02:00:00,2,Cancelled,Debit Card
ORD-c7aaa8fc-75a2-426a-a074-5079a8a4c366,CUST-ab25de93-0d02-475a-bfa3-3deb0ddc24b8,PROD-d70f9c69-d4aa-42b4-ace5-01904a73071a,2025-08-28 18:00:00,3,Pending,PayPal
ORD-dd242f3a-3370-4c56-833a-3cac5b6dcdf7,CUST-d3ac0f88-1a46-453d-ab91-b53103823874,PROD-d70f9c69-d4aa-42b4-ace5-01904a73071a,2025-08-28 19:00:00,4,Completed,Credit Card
ORD-75ef8240-ce69-4fc6-a6ae-8632709e875a,CUST-0f1133bf-80b3-47b4-ab26-5e6b59f74f8a,PROD-35dc3662-e193-4ac2-a527-af21c2f79d56,2025-08-30 04:00:00,3,Completed,Debit Card
ORD-7952364a-c1c3-48cc-9102-c9a22a922d76,CUST-b3fd56f8-c838-468a-9629-33414c7090a5,PROD-577a23c6-5b4d-4041-813a-3a8b596ceb04,2025-08-31 00:00:00,2,Cancelled,Debit Card
ORD-edf478c7-d57a-4119-b57a-046333477ec3,CUST-c98ec440-0f32-43ad-93e9-a9801f7fcefc,PROD-043183ed-f499-422b-ac48-bf3d52113c94,2025-08-31 02:00:00,3,Pending,Debit Card
ORD-cf773d29-f710-4985-b073-9635aceee30b,CUST-c3f7c517-5d87-413b-bd9c-f4cf4fe56fc3,PROD-a85036c2-6bc2-4de1-9d61-afa53c07995a,2025-08-31 10:00:00,1,Completed,Debit Card
ORD-6bcbbff8-6d1a-47e8-9c97-f5e74aeb7d67,CUST-5d3e62d3-c201-416a-b76f-21ba639e82cc,PROD-64314286-d564-4c55-9694-ee4b8b4d89c8,2025-09-04 07:00:00,3,Cancelled,Apple Pay
ORD-5455150b-549a-4b24-b721-f6038db516cb,CUST-1c12a331-8063-4ab6-b674-f7fa3bfd5a02,PROD-51e479b3-f91a-4677-814a-cb82b2c3c107,2025-09-05 06:00:00,4,Pending,Apple Pay
ORD-d42e6779-0fcf-44de-9c1e-c7f671a220f3,CUST-8f86ec83-984f-493b-816d-011e6a885d65,PROD-577a23c6-5b4d-4041-813a-3a8b596ceb04,2025-09-05 11:00:00,2,Pending,Credit Card
ORD-0054ba59-4e43-48b5-abe0-d6c3847dae6f,CUST-da42ff02-1d3d-422b-ac84-8ecce6a952af,PROD-35dc3662-e193-4ac2-a527-af21c2f79d56,2025-09-05 13:00:00,3,Pending,Credit Card
ORD-b6b1a459-e30e-4f60-a85f-bd718ba3d597,CUST-556df6ed-c10b-45b3-84f2-6c11ecaa2b44,PROD-e6c46fd7-4654-4fc5-9bae-d335fdd7223f,2025-09-06 21:00:00,2,Completed,Debit Card
ORD-e45c5e22-fd42-460c-8f80-fab34e340a19,CUST-b807029c-d06b-4727-a348-5260998c2e94,PROD-2778f30b-81d5-4495-82c5-3eec31a4cb04,2025-09-09 04:00:00,4,Cancelled,PayPal
ORD-72ef275a-9939-418e-b78c-767f4045669c,CUST-a9cdf90d-28e8-4d0c-96d4-37819cc5c921,PROD-64314286-d564-4c55-9694-ee4b8b4d89c8,2025-09-09 09:00:00,3,Pending,Credit Card
ORD-df96dfbe-6354-4ab8-8277-79410a182e01,CUST-4a92443a-3da3-4cc4-b574-4cd9aba866b1,PROD-64e93a84-4dbb-4661-9ec3-043dd1693d6e,2025-09-09 14:00:00,4,Pending,Apple Pay
ORD-4127657d-d577-4c52-b7a5-d4a2e33713c3,CUST-9e999ef6-335c-4d00-90d4-6cc6aa6f7da3,PROD-d70f9c69-d4aa-42b4-ace5-01904a73071a,2025-09-09 19:00:00,2,Completed,PayPal
ORD-8133b597-cd6e-405b-8dc2-4744da582158,CUST-c7acf430-20c3-4ba4-a019-3afdb079fed5,PROD-aab0afe9-5df6-4b48-ae99-f322e3820802,2025-09-11 19:00:00,4,Cancelled,Credit Card
ORD-d800224f-d7f3-46fa-949a-7d2ec2f81c8b,CUST-6df78fb0-41a7-4d89-a095-847d2642a4bb,PROD-d70f9c69-d4aa-42b4-ace5-01904a73071a,2025-09-12 06:00:00,3,Pending,PayPal
ORD-91c38e5c-3a9e-4ef7-b8e9-00ea265a0b01,CUST-89510f29-378f-4b4b-91b3-614be79e35ce,PROD-043183ed-f499-422b-ac48-bf3d52113c94,2025-09-13 01:00:00,1,Completed,PayPal
ORD-ba6338ca-ef35-43f3-8861-f5f3abad0d36,CUST-cbc0610f-8f49-497d-ac67-a26a157203c4,PROD-64314286-d564-4c55-9694-ee4b8b4d89c8,2025-09-13 04:00:00,2,Cancelled,Apple Pay
ORD-48daefa9-5138-4520-90b5-a5a030bf5a85,CUST-32678ad7-474d-4cb2-abc9-bbccf925f24c,PROD-51e479b3-f91a-4677-814a-cb82b2c3c107,2025-09-13 16:00:00,1,Completed,Debit Card
ORD-0ceb2c95-01be-4301-bf18-36f38c28512c,CUST-f7648678-b8e4-4839-bf32-7596f4476c4e,PROD-64314286-d564-4c55-9694-ee4b8b4d89c8,2025-09-14 11:00:00,1,Cancelled,Debit Card
ORD-4390b162-9830-47bb-b4d6-538acd4bed03,CUST-7b03a941-55bc-4359-bb93-6c4c38871cbb,PROD-64314286-d564-4c55-9694-ee4b8b4d89c8,2025-09-14 16:00:00,1,Completed,Apple Pay
ORD-f312ad5c-46b7-407f-8d8d-c6e9afb90d63,CUST-d09364e1-e4fa-421e-ac13-f0b4f257406f,PROD-391c0c33-fe4c-43ec-a362-1a200b406e9f,2025-09-14 19:00:00,4,Completed,Debit Card
ORD-a5c2dcbc-c930-4bd6-ad11-6d3c39476e56,CUST-bd7f7801-6209-41e8-bd56-46d4c8a38003,PROD-043183ed-f499-422b-ac48-bf3d52113c94,2025-09-16 06:00:00,1,Completed,Debit Card
ORD-d4fbd110-99c7-4f63-8f62-58647b896ca6,CUST-5c8c22b4-c76b-48d0-9132-c291ace8fdc6,PROD-d70f9c69-d4aa-42b4-ace5-01904a73071a,2025-09-17 01:00:00,3,Completed,PayPal
ORD-6e942b43-b523-44ca-ad1b-526ca1db1db5,CUST-387ac0a3-33e7-42ee-9e64-bc5cabb1ac65,PROD-64314286-d564-4c55-9694-ee4b8b4d89c8,2025-09-17 03:00:00,4,Completed,Credit Card
ORD-205e1f58-6f05-4d6d-9446-2738b4676285,CUST-c4a6eeb2-049e-4f23-b670-c41e6422c3ed,PROD-2778f30b-81d5-4495-82c5-3eec31a4cb04,2025-09-17 20:00:00,2,Cancelled,PayPal
ORD-f633403b-49a3-47c2-a5b9-f1eedbd98323,CUST-6c293700-18ef-46f0-b9c9-341e1fc2961b,PROD-35dc3662-e193-4ac2-a527-af21c2f79d56,2025-09-18 01:00:00,1,Completed,Apple Pay
ORD-3e6ce16f-8ead-4afc-a342-7abde077bd70,CUST-c5537bfe-f296-4d1c-ac12-269bb25d25b4,PROD-a85036c2-6bc2-4de1-9d61-afa53c07995a,2025-09-18 02:00:00,4,Cancelled,Apple Pay
ORD-9581cdb2-b89b-48e7-ba1d-a85a1c5cd62d,CUST-771c36cd-26e1-4f04-a110-7c0956e402fd,PROD-e6c46fd7-4654-4fc5-9bae-d335fdd7223f,2025-09-18 21:00:00,3,Cancelled,PayPal
ORD-1b7900b4-16d7-41c9-801e-0094d9f9fea8,CUST-278bf7ca-92a4-4005-89b5-7b3a47292bbe,PROD-043183ed-f499-422b-ac48-bf3d52113c94,2025-09-20 08:00:00,1,Cancelled,PayPal
ORD-c01c087b-fbf0-45a8-a9c1-772f84514883,CUST-95ccab1b-fb10-4942-a50e-6f2137aa0a01,PROD-2778f30b-81d5-4495-82c5-3eec31a4cb04,2025-09-20 09:00:00,1,Pending,Apple Pay
ORD-b4660c56-d24b-41c2-8e96-a47a4d35a277,CUST-2fb0472e-36a8-43ab-b775-4fbbf6129f94,PROD-d70f9c69-d4aa-42b4-ace5-01904a73071a,2025-09-20 21:00:00,2,Cancelled,PayPal
ORD-25975e2b-01aa-4779-84d4-19ca4a05cfe6,CUST-5a330df0-a93d-421c-a98e-e06b626a0d0a,PROD-a85036c2-6bc2-4de1-9d61-afa53c07995a,2025-09-22 04:00:00,2,Completed,Credit Card
ORD-e51b906b-c589-42a3-9f65-dc0baa68356c,CUST-5a330df0-a93d-421c-a98e-e06b626a0d0a,PROD-d70f9c69-d4aa-42b4-ace5-01904a73071a,2025-09-22 17:00:00,3,Pending,PayPal
ORD-2b8a0f9d-49b1-463b-bcac-fbdcdc6c2957,CUST-f04b7a38-0a51-4587-86c4-3461fac18b5e,PROD-577a23c6-5b4d-4041-813a-3a8b596ceb04,2025-09-22 22:00:00,4,Completed,Debit Card
ORD-842890b3-9cf0-4b79-b054-70c6309da55e,CUST-268b1a24-d6b8-4a75-88e0-214b2097aea9,PROD-391c0c33-fe4c-43ec-a362-1a200b406e9f,2025-09-23 01:00:00,2,Pending,Credit Card
ORD-084514ff-4b0d-45c3-94e6-a6426fc84454,CUST-784174f9-a283-41cb-a2c1-0a93e7231263,PROD-35dc3662-e193-4ac2-a527-af21c2f79d56,2025-09-25 01:00:00,3,Completed,Credit Card
ORD-1855ce1b-6a4b-41ca-99db-6020cc5326dc,CUST-2fa4b61e-0674-4eeb-99cf-090674f217cf,PROD-043183ed-f499-422b-ac48-bf3d52113c94,2025-09-25 02:00:00,4,Completed,Debit Card
ORD-24b4d520-e9c4-4aee-87d7-96634ece9e96,CUST-c98ec440-0f32-43ad-93e9-a9801f7fcefc,PROD-51e479b3-f91a-4677-814a-cb82b2c3c107,2025-09-25 12:00:00,3,Pending,PayPal
ORD-f382b9ff-4377-4797-af6f-3b933b04af0f,CUST-2c089b2e-9344-4b12-9f30-d25072cb2e6c,PROD-043183ed-f499-422b-ac48-bf3d52113c94,2025-09-25 18:00:00,1,Completed,PayPal
ORD-9883deab-8739-42fa-807f-17cdc701dd8f,CUST-62911fb1-8ff1-4bcc-961f-1ce6f9def6c6,PROD-577a23c6-5b4d-4041-813a-3a8b596ceb04,2025-09-26 00:00:00,4,Pending,Credit Card
ORD-966c5d66-9b87-4ef2-8b80-ceda6416ee73,CUST-6ff160b8-3833-4921-91d1-102ac96fee31,PROD-64314286-d564-4c55-9694-ee4b8b4d89c8,2025-09-27 18:00:00,3,Completed,PayPal
ORD-d46d48e0-7948-4e2b-96ea-8f85763ce453,CUST-5d3e62d3-c201-416a-b76f-21ba639e82cc,PROD-e6c46fd7-4654-4fc5-9bae-d335fdd7223f,2025-09-28 01:00:00,1,Completed,PayPal
ORD-8c591f30-2a81-4a1e-8949-7bc448a153c3,CUST-edbff89a-f66d-4336-b5a6-bd43a287f180,PROD-d70f9c69-d4aa-42b4-ace5-01904a73071a,2025-09-29 12:00:00,1,Cancelled,Apple Pay
ORD-b5c8eaec-26b4-4314-982e-d5dad7725664,CUST-bcd92b44-d62b-46aa-8cd0-2c2ee7915164,PROD-043183ed-f499-422b-ac48-bf3d52113c94,2025-09-30 06:00:00,2,Pending,PayPal
ORD-4ff98af5-7153-42b0-8775-f5f9de21c5f6,CUST-1b2dd197-4a20-4b1b-b91f-5acae5f34f94,PROD-e6c46fd7-4654-4fc5-9bae-d335fdd7223f,2025-09-30 19:00:00,4,Pending,PayPal
ORD-96fad954-5fab-4635-a954-bb1e436e2dfc,CUST-83d1a02c-240c-4f94-9621-fe07e809c6d4,PROD-aab0afe9-5df6-4b48-ae99-f322e3820802,2025-10-02 03:00:00,1,Cancelled,Apple Pay
ORD-48e43416-db55-4b17-a5b8-481a49289938,CUST-8772873c-9142-46a2-bd9a-e996e09a0572,PROD-64e93a84-4dbb-4661-9ec3-043dd1693d6e,2025-10-02 13:00:00,4,Pending,PayPal
ORD-fe7b1627-bc72-4589-9a7b-6bdc1ab9c145,CUST-a5e94f46-44da-4da8-a304-6f753a76f6b6,PROD-aab0afe9-5df6-4b48-ae99-f322e3820802,2025-10-02 17:00:00,2,Completed,PayPal
ORD-012e5ce6-de40-4319-8faa-724990905e18,CUST-56093e99-9841-432a-8c38-7afb8abe7b1a,PROD-391c0c33-fe4c-43ec-a362-1a200b406e9f,2025-10-02 23:00:00,1,Completed,PayPal
ORD-ece99e17-4255-4628-814b-cc842d5410e8,CUST-bcd92b44-d62b-46aa-8cd0-2c2ee7915164,PROD-043183ed-f499-422b-ac48-bf3d52113c94,2025-10-03 14:00:00,2,Completed,Credit Card
ORD-b003c9eb-f4b1-4aca-b2bc-151275bae0c3,CUST-a4289b67-391a-44c9-96f2-a55d4588e16b,PROD-64314286-d564-4c55-9694-ee4b8b4d89c8,2025-10-03 14:00:00,3,Completed,Credit Card
ORD-d87f4dbf-eac8-46ad-9105-9e98322fe43d,CUST-45f307fa-90a9-4776-9068-b12450c0b246,PROD-043183ed-f499-422b-ac48-bf3d52113c94,2025-10-06 08:00:00,2,Completed,Debit Card
ORD-b5d179ba-d1e2-4ae5-bf08-72dedbf680d5,CUST-c457ed45-8982-46a0-b8ae-b1bec9f81e1b,PROD-391c0c33-fe4c-43ec-a362-1a200b406e9f,2025-10-06 11:00:00,4,Completed,Debit Card
ORD-c4b8265c-0288-4a1d-ad40-c7c8ff801f4b,CUST-3e8080e0-401f-4123-9c8d-a64ea80263f5,PROD-e6c46fd7-4654-4fc5-9bae-d335fdd7223f,2025-10-06 17:00:00,4,Pending,PayPal
ORD-2eb90983-0b81-4283-9ed8-263cd3405fe3,CUST-5a330df0-a93d-421c-a98e-e06b626a0d0a,PROD-2778f30b-81d5-4495-82c5-3eec31a4cb04,2025-10-07 00:00:00,3,Cancelled,Credit Card
ORD-3961abd8-4b80-46ce-b5e8-22f18adfe96b,CUST-fdb82e26-21bc-4f0e-94bc-405d7ac3d2ff,PROD-a85036c2-6bc2-4de1-9d61-afa53c07995a,2025-10-07 11:00:00,4,Completed,PayPal
ORD-19102ace-ca4d-45e7-ab43-879a786384c0,CUST-78beff06-655f-49aa-b57c-a58649f2447c,PROD-d70f9c69-d4aa-42b4-ace5-01904a73071a,2025-10-07 12:00:00,3,Completed,Credit Card
ORD-e60feae2-be27-49ff-acf5-b1af4804fd7b,CUST-6ff160b8-3833-4921-91d1-102ac96fee31,PROD-577a23c6-5b4d-4041-813a-3a8b596ceb04,2025-10-10 03:00:00,4,Pending,Credit Card
ORD-1329498b-8eba-49fc-a0c5-c3f136c0823a,CUST-2bef72e7-505b-4dd0-add8-a09c37bfb2ba,PROD-a85036c2-6bc2-4de1-9d61-afa53c07995a,2025-10-11 23:00:00,4,Completed,PayPal
ORD-6aef0b98-5933-4090-a89d-1cc254337cc6,CUST-2d268d5b-1cf0-405f-8170-8c0e5604bf76,PROD-2778f30b-81d5-4495-82c5-3eec31a4cb04,2025-10-14 00:00:00,2,Cancelled,Apple Pay
ORD-53be98c4-907a-4428-b8dc-1fd65c486f01,CUST-d441b96b-6bf9-4de5-b442-0474915e8ac5,PROD-043183ed-f499-422b-ac48-bf3d52113c94,2025-10-14 07:00:00,2,Completed,Apple Pay
ORD-698ed7bd-45fa-4aa3-be15-34db9fe68fa9,CUST-df994033-b75d-45e3-9bf5-1728617463fa,PROD-2778f30b-81d5-4495-82c5-3eec31a4cb04,2025-10-16 03:00:00,1,Completed,Debit Card
ORD-3f01d633-124f-4309-a06b-ab5648782840,CUST-ed9662a7-2ca9-43eb-9490-c08a8eb9df54,PROD-577a23c6-5b4d-4041-813a-3a8b596ceb04,2025-10-16 07:00:00,4,Completed,PayPal
ORD-4ee7d283-f06c-4362-bbe7-d23b0ff82983,CUST-bda55a77-5f72-44da-9029-e34a01f889a3,PROD-64314286-d564-4c55-9694-ee4b8b4d89c8,2025-10-18 08:00:00,4,Completed,PayPal
ORD-d92e27cb-5003-427a-abda-6493bb26bcf7,CUST-6f6cfa2a-98e6-4c85-8e08-5c2fcd16b563,PROD-51e479b3-f91a-4677-814a-cb82b2c3c107,2025-10-18 12:00:00,3,Cancelled,PayPal
ORD-4644091d-4a34-4b43-bdd4-2abc9b9bd62c,CUST-df994033-b75d-45e3-9bf5-1728617463fa,PROD-391c0c33-fe4c-43ec-a362-1a200b406e9f,2025-10-18 16:00:00,4,Completed,PayPal
ORD-1cb3993c-b29f-4302-a5c7-43c60e7365a2,CUST-a2528c82-1507-4895-bbc1-b878f1e2b448,PROD-e6c46fd7-4654-4fc5-9bae-d335fdd7223f,2025-10-19 05:00:00,2,Cancelled,Apple Pay
ORD-87366384-2191-4a0d-8506-331df81b2c64,CUST-6c293700-18ef-46f0-b9c9-341e1fc2961b,PROD-a85036c2-6bc2-4de1-9d61-afa53c07995a,2025-10-19 22:00:00,1,Completed,Apple Pay
ORD-07586223-0d50-4544-aad6-c7ed6817a410,CUST-0dc49963-b4e8-49d5-9e9d-07380f9f14e4,PROD-391c0c33-fe4c-43ec-a362-1a200b406e9f,2025-10-20 03:00:00,1,Completed,Apple Pay
ORD-84279220-b061-466d-ab99-26182f142438,CUST-ee6388a2-fc39-48c9-85f7-df68e6d046af,PROD-2778f30b-81d5-4495-82c5-3eec31a4cb04,2025-10-20 16:00:00,2,Completed,Credit Card
ORD-4618251b-d9b2-4c0b-a7ad-2f32b96e6e52,CUST-4aa09a30-3097-4bea-b41c-65f8cb537d80,PROD-577a23c6-5b4d-4041-813a-3a8b596ceb04,2025-10-21 00:00:00,3,Pending,Apple Pay
ORD-ed28eb97-0eed-4249-862c-9b2d701abcf9,CUST-75b12d27-022d-445c-bfa6-ec8f96438a29,PROD-35dc3662-e193-4ac2-a527-af21c2f79d56,2025-10-22 15:00:00,3,Completed,Credit Card
ORD-c2b53c2e-1bb8-445a-bbba-1b360e8e67e9,CUST-edbff89a-f66d-4336-b5a6-bd43a287f180,PROD-577a23c6-5b4d-4041-813a-3a8b596ceb04,2025-10-23 01:00:00,2,Completed,Debit Card
ORD-8bfe6522-30b4-4574-84b4-b87b5bce1efc,CUST-9f5cd69e-95b2-4984-a049-5abd953f915d,PROD-577a23c6-5b4d-4041-813a-3a8b596ceb04,2025-10-24 02:00:00,3,Pending,Apple Pay
ORD-b09bcf30-4dd0-4ae8-8c15-d0b3ed6bd2e3,CUST-6ccd618d-ef72-45cf-83f7-960660bc86a2,PROD-391c0c33-fe4c-43ec-a362-1a200b406e9f,2025-10-24 13:00:00,3,Completed,Credit Card
ORD-a89748be-ba3d-45e1-a35e-f8d07fbc9390,CUST-e8d9a4a8-320e-459e-a842-4cb241990cf5,PROD-e6c46fd7-4654-4fc5-9bae-d335fdd7223f,2025-10-26 08:00:00,4,Completed,Debit Card
ORD-33ab693d-7f9a-442c-bc57-8173a25a388a,CUST-a5e94f46-44da-4da8-a304-6f753a76f6b6,PROD-e6c46fd7-4654-4fc5-9bae-d335fdd7223f,2025-10-26 10:00:00,3,Pending,PayPal
ORD-87cd548e-2923-44cf-bea7-0d7fc8910ffa,CUST-ffe08207-15f3-4d12-966c-963f36ad1227,PROD-64314286-d564-4c55-9694-ee4b8b4d89c8,2025-10-27 02:00:00,1,Cancelled,Debit Card
ORD-cf1a58dd-44ad-49d8-8712-64e2aec19262,CUST-8f1999d9-fd2a-4188-977c-d6cfde48b12a,PROD-aab0afe9-5df6-4b48-ae99-f322e3820802,2025-10-27 10:00:00,4,Completed,Apple Pay
ORD-a2a76dc6-3f49-465e-9ce8-9155cb9aea31,CUST-5e807d1e-e94b-4b6d-b28f-2ad01fd9cc2c,PROD-a85036c2-6bc2-4de1-9d61-afa53c07995a,2025-10-27 20:00:00,2,Cancelled,Debit Card
ORD-1ad32a23-e9b0-4fd3-8da5-eace35e42c23,CUST-2d885662-8a97-47ed-8bfa-095fa6217090,PROD-e6c46fd7-4654-4fc5-9bae-d335fdd7223f,2025-10-28 06:00:00,2,Pending,Apple Pay
ORD-2b4fd612-ace6-41b0-a989-6ab24b3e9d55,CUST-44508570-a4aa-41a6-a987-9a6f4aced686,PROD-35dc3662-e193-4ac2-a527-af21c2f79d56,2025-10-28 14:00:00,3,Completed,PayPal
ORD-3432e54c-7fc5-4d54-9241-61fbc18ae690,CUST-c3f7c517-5d87-413b-bd9c-f4cf4fe56fc3,PROD-d70f9c69-d4aa-42b4-ace5-01904a73071a,2025-10-29 12:00:00,4,Cancelled,Credit Card
ORD-8e083083-7c9b-4bfc-b15a-1e639eaaf25e,CUST-fbe5ac25-9ad1-48cb-a082-919f5b22c749,PROD-d70f9c69-d4aa-42b4-ace5-01904a73071a,2025-10-29 16:00:00,2,Completed,Credit Card
ORD-d25230a6-45ec-477f-9a54-e464ff5477af,CUST-5b42ff98-1b2d-487a-8dd0-c3998c92a9ad,PROD-a85036c2-6bc2-4de1-9d61-afa53c07995a,2025-10-30 08:00:00,2,Pending,Apple Pay
ORD-df5e61a3-2389-4f10-9532-8b2fc1d19516,CUST-7abc9ca0-84b5-46fc-be9a-6e102e89a3be,PROD-64314286-d564-4c55-9694-ee4b8b4d89c8,2025-10-30 14:00:00,2,Completed,Apple Pay
ORD-feddf189-cc3e-4349-807e-82fccf6fe533,CUST-6df78fb0-41a7-4d89-a095-847d2642a4bb,PROD-64314286-d564-4c55-9694-ee4b8b4d89c8,2025-10-30 15:00:00,1,Completed,Apple Pay
ORD-7f467afe-2356-4bb9-9cdc-e1b872b56d5b,CUST-5c8c22b4-c76b-48d0-9132-c291ace8fdc6,PROD-64314286-d564-4c55-9694-ee4b8b4d89c8,2025-10-31 19:00:00,2,Pending,Debit Card
ORD-5c4fd29d-6506-4574-b504-dd1097769d44,CUST-32b58449-8c05-4278-a885-0e83cc15e246,PROD-64314286-d564-4c55-9694-ee4b8b4d89c8,2025-10-31 22:00:00,3,Completed,PayPal
ORD-e942173d-d38c-4040-b837-7b36a9f12a6e,CUST-595fc0e9-42f4-4609-9899-722bc2b3068e,PROD-043183ed-f499-422b-ac48-bf3d52113c94,2025-11-01 00:00:00,1,Pending,Debit Card
ORD-1de17ebc-9cd4-4c67-97de-e74ebddac093,CUST-07a4c495-269a-4d79-872d-fcecebe60095,PROD-aab0afe9-5df6-4b48-ae99-f322e3820802,2025-11-01 08:00:00,1,Cancelled,Debit Card
ORD-4a09f7e4-ac1d-4a52-b783-cd9671387075,CUST-78beff06-655f-49aa-b57c-a58649f2447c,PROD-aab0afe9-5df6-4b48-ae99-f322e3820802,2025-11-02 11:00:00,2,Pending,PayPal
ORD-691ebd29-766b-4a1a-aeda-c0ad97dbca99,CUST-8f1999d9-fd2a-4188-977c-d6cfde48b12a,PROD-35dc3662-e193-4ac2-a527-af21c2f79d56,2025-11-03 08:00:00,1,Pending,Debit Card
ORD-e25d20e5-8923-4063-8931-acb50fcbdc59,CUST-d92f518f-b4fc-455b-a0da-215c22e9ab03,PROD-391c0c33-fe4c-43ec-a362-1a200b406e9f,2025-11-03 08:00:00,4,Cancelled,Apple Pay
ORD-caf2d658-2edb-435c-a919-a52b0769276a,CUST-a5e94f46-44da-4da8-a304-6f753a76f6b6,PROD-2778f30b-81d5-4495-82c5-3eec31a4cb04,2025-11-03 17:00:00,1,Cancelled,PayPal
ORD-802db3ba-50ad-4c41-a8d7-7f822d47c943,CUST-62911fb1-8ff1-4bcc-961f-1ce6f9def6c6,PROD-a85036c2-6bc2-4de1-9d61-afa53c07995a,2025-11-03 21:00:00,2,Pending,Debit Card
ORD-28d14ca1-f072-421b-9af8-e8e99f65b4f5,CUST-387ac0a3-33e7-42ee-9e64-bc5cabb1ac65,PROD-51e479b3-f91a-4677-814a-cb82b2c3c107,2025-11-05 03:00:00,2,Cancelled,Debit Card
ORD-2cb738b5-13cc-4ffb-bbdb-876c10adf207,CUST-f824216f-4499-4dd8-bee3-9fba5b279618,PROD-577a23c6-5b4d-4041-813a-3a8b596ceb04,2025-11-05 23:00:00,1,Completed,PayPal
ORD-f8c24902-afa5-4160-80c3-846458b7395f,CUST-57da39b5-3e40-472f-aad0-6bc1ca109eaf,PROD-35dc3662-e193-4ac2-a527-af21c2f79d56,2025-11-06 07:00:00,1,Cancelled,Debit Card
ORD-8eb93bb4-963c-45bd-8cd6-e52853f47e45,CUST-009ff040-d27e-4b7b-9cb3-9d6a23fac679,PROD-51e479b3-f91a-4677-814a-cb82b2c3c107,2025-11-06 16:00:00,2,Completed,Debit Card
ORD-fe9440df-c3cd-4259-ab35-1c7ad381d8da,CUST-ab5c39a2-ef05-4606-9c4f-fd4610a69963,PROD-2778f30b-81d5-4495-82c5-3eec31a4cb04,2025-11-08 04:00:00,3,Cancelled,PayPal
ORD-01a3a9b9-6c2a-48dc-8feb-24601022dec6,CUST-771c36cd-26e1-4f04-a110-7c0956e402fd,PROD-aab0afe9-5df6-4b48-ae99-f322e3820802,2025-11-08 06:00:00,2,Pending,Debit Card
ORD-c56a9483-818d-4bcc-87c2-aec2883f4569,CUST-d09364e1-e4fa-421e-ac13-f0b4f257406f,PROD-64314286-d564-4c55-9694-ee4b8b4d89c8,2025-11-10 07:00:00,2,Completed,PayPal
ORD-d9065b11-ddcb-477b-aa58-21ddef1286e0,CUST-08ebef00-49d5-4f43-ac24-9a1ed09924af,PROD-2778f30b-81d5-4495-82c5-3eec31a4cb04,2025-11-11 16:00:00,3,Cancelled,Debit Card
ORD-644fb606-f8d8-42a8-a327-2116460e6b54,CUST-67721f00-66d7-4fea-9701-bb55cad27454,PROD-e6c46fd7-4654-4fc5-9bae-d335fdd7223f,2025-11-11 21:00:00,4,Cancelled,PayPal
ORD-751cc1c5-dbfa-49c8-875e-5b86527290db,CUST-6ccd618d-ef72-45cf-83f7-960660bc86a2,PROD-aab0afe9-5df6-4b48-ae99-f322e3820802,2025-11-13 10:00:00,2,Completed,Credit Card
ORD-14ae5f14-08a2-4616-b9aa-495df01aadeb,CUST-34eab866-b096-4219-8091-c398d868dc48,PROD-577a23c6-5b4d-4041-813a-3a8b596ceb04,2025-11-13 21:00:00,2,Completed,PayPal
ORD-11bb3bfa-dbfe-4353-a614-c4e892bd25c4,CUST-6ec46708-ad17-493c-9512-ad1515121f08,PROD-a85036c2-6bc2-4de1-9d61-afa53c07995a,2025-11-14 02:00:00,4,Completed,Apple Pay
ORD-52d10a0e-f66d-4768-9e64-4a871e751672,CUST-f02fb94f-ef10-4499-a7d8-bc4f0d927562,PROD-51e479b3-f91a-4677-814a-cb82b2c3c107,2025-11-14 10:00:00,2,Completed,Apple Pay
ORD-6f55c7b5-fc90-4b70-97eb-7a44b03f72f0,CUST-b6ee109a-c632-48ce-879c-a51864c9a037,PROD-51e479b3-f91a-4677-814a-cb82b2c3c107,2025-11-14 11:00:00,1,Completed,Apple Pay
ORD-bef693b8-fd11-4c2f-8554-8bd4c4ecdd35,CUST-6da6058e-4dd7-4295-9410-4c97deb842e9,PROD-51e479b3-f91a-4677-814a-cb82b2c3c107,2025-11-14 11:00:00,1,Completed,Credit Card
ORD-1fdd082c-f2eb-473b-8aaa-1e2fa681fb3b,CUST-8628e829-9120-4108-9040-012d5616cf8c,PROD-64314286-d564-4c55-9694-ee4b8b4d89c8,2025-11-15 12:00:00,4,Completed,PayPal
ORD-49b707d5-85ed-46d0-ac99-a15a0002cc6a,CUST-278bf7ca-92a4-4005-89b5-7b3a47292bbe,PROD-2778f30b-81d5-4495-82c5-3eec31a4cb04,2025-11-16 03:00:00,2,Completed,Debit Card
ORD-50d637ea-bee4-42ea-89d8-cc49c0c28701,CUST-a24b7206-0c2d-45dd-bef1-49d8e4b614f3,PROD-2778f30b-81d5-4495-82c5-3eec31a4cb04,2025-11-16 18:00:00,4,Completed,Credit Card
ORD-dc3b2c80-22ce-43d6-b954-976c2ed1c7be,CUST-f2c8b1d6-2478-485a-a939-0b9885d2e494,PROD-35dc3662-e193-4ac2-a527-af21c2f79d56,2025-11-17 17:00:00,3,Completed,Credit Card
ORD-96db3408-2979-4622-8f42-4ec58d197c4b,CUST-bcd92b44-d62b-46aa-8cd0-2c2ee7915164,PROD-35dc3662-e193-4ac2-a527-af21c2f79d56,2025-11-17 23:00:00,3,Completed,Debit Card
ORD-bd546abb-26b3-485b-9306-36e4004463af,CUST-78337e54-3b4a-4a5f-902c-3a9bc0a56190,PROD-043183ed-f499-422b-ac48-bf3d52113c94,2025-11-19 09:00:00,1,Completed,Debit Card
ORD-d3e78a99-b9b3-40a1-9bf2-2b8b01b163ce,CUST-5405e892-a40b-4afc-88ca-0252b5dc9f7b,PROD-aab0afe9-5df6-4b48-ae99-f322e3820802,2025-11-19 14:00:00,2,Completed,Credit Card
ORD-17939ca4-2ccc-478b-8c6a-662dca38b361,CUST-69a8c523-ec1d-4d25-8a9e-4b46598199cb,PROD-51e479b3-f91a-4677-814a-cb82b2c3c107,2025-11-20 11:00:00,3,Completed,PayPal
ORD-f9f95253-3b94-42f9-8657-683850ff3b36,CUST-2bef72e7-505b-4dd0-add8-a09c37bfb2ba,PROD-35dc3662-e193-4ac2-a527-af21c2f79d56,2025-11-21 02:00:00,4,Cancelled,Apple Pay
ORD-e2835cf1-a8d1-4fcd-860c-ca331c121f72,CUST-07ad50c4-6e0f-45c5-b298-0322db9883f9,PROD-d70f9c69-d4aa-42b4-ace5-01904a73071a,2025-11-21 10:00:00,1,Completed,Debit Card
ORD-a4dc567b-72bb-4e81-944c-5ec50a3a3cbb,CUST-e3abc271-5a00-4d3a-bed1-2be4002dfeee,PROD-51e479b3-f91a-4677-814a-cb82b2c3c107,2025-11-22 12:00:00,3,Pending,PayPal
ORD-f99ae6ef-5e6d-4227-9d6c-3ecb2b2a60bf,CUST-66d6b5e7-eb41-4707-b8db-3151869d74f8,PROD-64314286-d564-4c55-9694-ee4b8b4d89c8,2025-11-22 17:00:00,2,Completed,Debit Card
ORD-9fd0729f-9352-4260-b078-b5d241ae45ae,CUST-556df6ed-c10b-45b3-84f2-6c11ecaa2b44,PROD-043183ed-f499-422b-ac48-bf3d52113c94,2025-11-23 05:00:00,4,Completed,Apple Pay
ORD-6a12d1a3-15b1-42e4-9f42-fb4fc853b1fc,CUST-da42ff02-1d3d-422b-ac84-8ecce6a952af,PROD-51e479b3-f91a-4677-814a-cb82b2c3c107,2025-11-23 22:00:00,4,Cancelled,Apple Pay
ORD-0336d82d-2d42-40f0-8140-916ff63bf009,CUST-23f7671e-dec0-4667-ac63-5a70e4723fdb,PROD-391c0c33-fe4c-43ec-a362-1a200b406e9f,2025-11-24 18:00:00,1,Pending,Apple Pay
ORD-f116ffea-2e4a-46cb-9286-05f81dbbbc4f,CUST-ffe08207-15f3-4d12-966c-963f36ad1227,PROD-a85036c2-6bc2-4de1-9d61-afa53c07995a,2025-11-25 16:00:00,1,Completed,Debit Card
ORD-cb696b9c-859a-456d-8e62-1b7c6b0e9e15,CUST-5d3e62d3-c201-416a-b76f-21ba639e82cc,PROD-2778f30b-81d5-4495-82c5-3eec31a4cb04,2025-11-27 07:00:00,1,Completed,PayPal
ORD-b105d6f5-c6df-45cc-895f-ff65344f48c3,CUST-473c7352-267c-4388-82c7-369bfc04647c,PROD-51e479b3-f91a-4677-814a-cb82b2c3c107,2025-11-28 07:00:00,3,Completed,Debit Card
ORD-b6e6b902-e947-4303-9878-d7bddb778701,CUST-c3f7c517-5d87-413b-bd9c-f4cf4fe56fc3,PROD-a85036c2-6bc2-4de1-9d61-afa53c07995a,2025-11-28 23:00:00,4,Pending,Credit Card
ORD-ee54176c-5b1f-4328-a324-638d359ad99c,CUST-b14f5581-ad46-4259-9d4d-14dc3c37adf5,PROD-d70f9c69-d4aa-42b4-ace5-01904a73071a,2025-11-29 14:00:00,3,Pending,PayPal
ORD-7a8bb045-df38-4874-9b38-4975a07191f2,CUST-f2c8b1d6-2478-485a-a939-0b9885d2e494,PROD-e6c46fd7-4654-4fc5-9bae-d335fdd7223f,2025-11-30 05:00:00,2,Pending,Credit Card
ORD-7f46ea20-cd48-4526-96da-7c63b74f6a70,CUST-1dd0c338-7b77-43cc-908d-b6e20e2b6f34,PROD-aab0afe9-5df6-4b48-ae99-f322e3820802,2025-11-30 11:00:00,2,Pending,Apple Pay
ORD-f6be2f54-aff7-46cc-b6e7-b42c254c2b69,CUST-df994033-b75d-45e3-9bf5-1728617463fa,PROD-d70f9c69-d4aa-42b4-ace5-01904a73071a,2025-12-01 00:00:00,2,Pending,Apple Pay
ORD-0f1c22d5-856c-4a32-a64a-8f98560838ae,CUST-e31ef663-c483-4b96-b41a-d92a7f22a284,PROD-64314286-d564-4c55-9694-ee4b8b4d89c8,2025-12-01 08:00:00,2,Pending,Apple Pay
ORD-9605c9fd-c678-42f4-af18-41fba688e766,CUST-268b1a24-d6b8-4a75-88e0-214b2097aea9,PROD-a85036c2-6bc2-4de1-9d61-afa53c07995a,2025-12-01 17:00:00,3,Completed,Apple Pay
ORD-b06454c5-0fa2-412c-b64e-2b085c8b6682,CUST-4c1a71bc-d3d6-4c1a-8193-7333e8f4a364,PROD-391c0c33-fe4c-43ec-a362-1a200b406e9f,2025-12-02 18:00:00,2,Completed,Apple Pay
ORD-41f2e439-cab5-4cdf-8d18-cee53ad0f319,CUST-07ad50c4-6e0f-45c5-b298-0322db9883f9,PROD-aab0afe9-5df6-4b48-ae99-f322e3820802,2025-12-04 00:00:00,2,Completed,PayPal
ORD-b367311e-4b7f-403d-83e9-c2c5824ef495,CUST-f7648678-b8e4-4839-bf32-7596f4476c4e,PROD-aab0afe9-5df6-4b48-ae99-f322e3820802,2025-12-04 01:00:00,3,Completed,PayPal
ORD-f64a4768-3055-4d48-b682-96500bb486f8,CUST-ddbf7bae-e09f-4211-b623-9bd1bcc7b375,PROD-391c0c33-fe4c-43ec-a362-1a200b406e9f,2025-12-05 00:00:00,1,Pending,Apple Pay
ORD-0da74502-8d9c-4c1f-af99-16d8fa0e3f4b,CUST-b6ee109a-c632-48ce-879c-a51864c9a037,PROD-2778f30b-81d5-4495-82c5-3eec31a4cb04,2025-12-05 08:00:00,1,Completed,PayPal
ORD-e4ab0063-7467-4358-8480-a9c777f9ad3f,CUST-b44aa1f9-ec75-48cc-9d09-a8b03e2869fe,PROD-043183ed-f499-422b-ac48-bf3d52113c94,2025-12-05 13:00:00,3,Completed,PayPal
ORD-3954d7f0-9b8d-47a8-bc13-4f9333f7a946,CUST-5d3e62d3-c201-416a-b76f-21ba639e82cc,PROD-a85036c2-6bc2-4de1-9d61-afa53c07995a,2025-12-06 07:00:00,2,Completed,PayPal
ORD-75fc6794-aeac-4820-ac10-165d1b16ec76,CUST-caa00197-d1c5-468c-a656-0a9f4b19214a,PROD-64314286-d564-4c55-9694-ee4b8b4d89c8,2025-12-06 12:00:00,1,Completed,Apple Pay
ORD-9f2aa6d3-c840-4639-89c3-3b9ca978caae,CUST-387ac0a3-33e7-42ee-9e64-bc5cabb1ac65,PROD-51e479b3-f91a-4677-814a-cb82b2c3c107,2025-12-06 19:00:00,4,Completed,Apple Pay
ORD-351ebf1d-5673-4160-b52a-13871fa6c8b3,CUST-23f7671e-dec0-4667-ac63-5a70e4723fdb,PROD-64e93a84-4dbb-4661-9ec3-043dd1693d6e,2025-12-07 00:00:00,4,Completed,Credit Card
ORD-d89ab18c-fb2f-4b45-8900-8a350d18497f,CUST-75b12d27-022d-445c-bfa6-ec8f96438a29,PROD-043183ed-f499-422b-ac48-bf3d52113c94,2025-12-08 15:00:00,4,Completed,Credit Card
ORD-8834f174-f819-4d27-b918-8fb2e7520cd9,CUST-07ad50c4-6e0f-45c5-b298-0322db9883f9,PROD-043183ed-f499-422b-ac48-bf3d52113c94,2025-12-09 16:00:00,1,Completed,Credit Card
ORD-429636bd-a96f-4c06-b64e-c66569adc562,CUST-f824216f-4499-4dd8-bee3-9fba5b279618,PROD-d70f9c69-d4aa-42b4-ace5-01904a73071a,2025-12-10 02:00:00,1,Completed,Credit Card
ORD-f511cedd-908b-4f98-b7cc-ca74bceee897,CUST-d441b96b-6bf9-4de5-b442-0474915e8ac5,PROD-a85036c2-6bc2-4de1-9d61-afa53c07995a,2025-12-10 20:00:00,2,Cancelled,Apple Pay
ORD-ac7ec266-9f0a-40b8-b509-2693fdc25f9c,CUST-f2c8b1d6-2478-485a-a939-0b9885d2e494,PROD-e6c46fd7-4654-4fc5-9bae-d335fdd7223f,2025-12-11 08:00:00,1,Completed,PayPal
ORD-08349d5c-f709-4791-81ad-0fdfe52f26a7,CUST-5405e892-a40b-4afc-88ca-0252b5dc9f7b,PROD-043183ed-f499-422b-ac48-bf3d52113c94,2025-12-11 19:00:00,1,Cancelled,Apple Pay
ORD-bc49d4f7-9fc2-45ad-9dab-4414a0f96c88,CUST-7e8ec301-b5ad-41c0-9476-2af430f33fdd,PROD-577a23c6-5b4d-4041-813a-3a8b596ceb04,2025-12-11 21:00:00,2,Completed,Apple Pay
ORD-93411e16-c14a-4750-9dcf-9a59d3bd1bcc,CUST-08ebef00-49d5-4f43-ac24-9a1ed09924af,PROD-577a23c6-5b4d-4041-813a-3a8b596ceb04,2025-12-13 02:00:00,4,Completed,Credit Card
ORD-79988420-055a-48f3-a554-7ec4e950a8ad,CUST-85e4e1d3-99c9-47d2-81b6-5e0fd8d7c795,PROD-51e479b3-f91a-4677-814a-cb82b2c3c107,2025-12-13 03:00:00,4,Cancelled,Credit Card
ORD-19418356-e873-4623-a411-07b03679773d,CUST-2d268d5b-1cf0-405f-8170-8c0e5604bf76,PROD-391c0c33-fe4c-43ec-a362-1a200b406e9f,2025-12-13 08:00:00,3,Pending,Credit Card
ORD-65e84eb9-a8bc-463e-8a22-1cfb5c3d9c5f,CUST-5a330df0-a93d-421c-a98e-e06b626a0d0a,PROD-64e93a84-4dbb-4661-9ec3-043dd1693d6e,2025-12-13 15:00:00,4,Completed,Credit Card
ORD-7afd6560-472b-4fa5-b5b1-d86376eb22c8,CUST-1dd0c338-7b77-43cc-908d-b6e20e2b6f34,PROD-e6c46fd7-4654-4fc5-9bae-d335fdd7223f,2025-12-13 22:00:00,1,Completed,Debit Card
ORD-d80375a1-1815-4bb2-a9fb-7ad93e4220fb,CUST-6ec46708-ad17-493c-9512-ad1515121f08,PROD-aab0afe9-5df6-4b48-ae99-f322e3820802,2025-12-14 14:00:00,1,Completed,Debit Card
ORD-698b3ee9-d05e-4559-8078-c335e21af6be,CUST-ed1abfb8-5b2c-4e5d-9dae-c49a86435a04,PROD-577a23c6-5b4d-4041-813a-3a8b596ceb04,2025-12-14 17:00:00,1,Cancelled,PayPal
ORD-e118ed4e-bea3-4da6-9ab3-a15cc1a763c4,CUST-ed1abfb8-5b2c-4e5d-9dae-c49a86435a04,PROD-043183ed-f499-422b-ac48-bf3d52113c94,2025-12-14 17:00:00,2,Cancelled,Credit Card
ORD-2c509424-be3f-44aa-b419-789a945f7e0b,CUST-36991a36-2d61-4de8-9559-af2905611cd1,PROD-35dc3662-e193-4ac2-a527-af21c2f79d56,2025-12-14 22:00:00,3,Completed,Credit Card
ORD-8913ad35-2888-4a24-a3fd-60264c1ab486,CUST-7b03a941-55bc-4359-bb93-6c4c38871cbb,PROD-577a23c6-5b4d-4041-813a-3a8b596ceb04,2025-12-15 15:00:00,2,Completed,Debit Card
ORD-b2538e81-a05f-4926-824e-e3b17cd27777,CUST-b4e5b0d5-ee4c-45d8-a36f-8c137d7e1b61,PROD-a85036c2-6bc2-4de1-9d61-afa53c07995a,2025-12-16 10:00:00,3,Cancelled,Credit Card
ORD-f8f95414-1b11-4d33-9a64-211d9036f21e,CUST-edbff89a-f66d-4336-b5a6-bd43a287f180,PROD-043183ed-f499-422b-ac48-bf3d52113c94,2025-12-16 23:00:00,4,Pending,Apple Pay
ORD-c06b213e-5a56-41b1-b5d2-69a71117221d,CUST-01655386-0c1b-4ac8-afe1-3d4a79daa528,PROD-64e93a84-4dbb-4661-9ec3-043dd1693d6e,2025-12-18 12:00:00,1,Completed,PayPal
ORD-91f692c7-c502-4998-8aa1-4e979a4d952f,CUST-3c0f69b1-f461-4b7c-837d-0fffba5143e9,PROD-391c0c33-fe4c-43ec-a362-1a200b406e9f,2025-12-18 21:00:00,3,Completed,Apple Pay
ORD-b405b938-65f9-47c4-8135-7c625403d5a9,CUST-b807029c-d06b-4727-a348-5260998c2e94,PROD-d70f9c69-d4aa-42b4-ace5-01904a73071a,2025-12-19 15:00:00,4,Pending,Apple Pay
ORD-8d27317f-3c04-4280-8316-31a674b494f4,CUST-b5c3308f-1eba-44c4-95d5-4e4fe97f4f68,PROD-35dc3662-e193-4ac2-a527-af21c2f79d56,2025-12-19 20:00:00,1,Completed,Apple Pay
ORD-34e14f6c-6aef-4d6e-b844-e9290025ed4c,CUST-b44aa1f9-ec75-48cc-9d09-a8b03e2869fe,PROD-51e479b3-f91a-4677-814a-cb82b2c3c107,2025-12-20 03:00:00,4,Pending,Credit Card
ORD-89fe0030-01e5-4cba-85e8-0d0d53033aa2,CUST-78beff06-655f-49aa-b57c-a58649f2447c,PROD-d70f9c69-d4aa-42b4-ace5-01904a73071a,2025-12-21 01:00:00,2,Completed,Credit Card
ORD-45ba108b-1514-4187-976b-194c5afb1437,CUST-7c043a15-73b4-4d97-8f5b-090c6203edb9,PROD-391c0c33-fe4c-43ec-a362-1a200b406e9f,2025-12-21 05:00:00,2,Completed,Debit Card
ORD-d91d865b-dd8c-4433-9b90-1f4ba02b2144,CUST-d181ade8-00d8-4132-81f5-86f1e8249ad0,PROD-64e93a84-4dbb-4661-9ec3-043dd1693d6e,2025-12-22 13:00:00,1,Pending,Debit Card
ORD-a9e18da4-0355-4fde-8a7a-7188d631dd51,CUST-7b207a1c-797a-419c-9e26-71ae5407ffad,PROD-043183ed-f499-422b-ac48-bf3d52113c94,2025-12-23 04:00:00,2,Completed,Debit Card
ORD-c735867c-4635-4cdd-8d8d-b0c0207631f1,CUST-3c0f69b1-f461-4b7c-837d-0fffba5143e9,PROD-391c0c33-fe4c-43ec-a362-1a200b406e9f,2025-12-23 16:00:00,2,Completed,Credit Card
ORD-b77c3c56-8b9a-4eb9-8d9a-6d182f24cc30,CUST-6ccd618d-ef72-45cf-83f7-960660bc86a2,PROD-35dc3662-e193-4ac2-a527-af21c2f79d56,2025-12-23 16:00:00,3,Completed,Credit Card
ORD-1f36d85a-5251-4e7e-b5ea-d8d312394ccc,CUST-7b207a1c-797a-419c-9e26-71ae5407ffad,PROD-391c0c33-fe4c-43ec-a362-1a200b406e9f,2025-12-23 22:00:00,4,Completed,Credit Card
ORD-7fc49f7a-b98a-4db0-97a9-00f70eb33c4f,CUST-784174f9-a283-41cb-a2c1-0a93e7231263,PROD-aab0afe9-5df6-4b48-ae99-f322e3820802,2025-12-24 07:00:00,1,Completed,PayPal
ORD-7739d4c4-4f90-4af8-aae4-3e263f7738ab,CUST-f04b7a38-0a51-4587-86c4-3461fac18b5e,PROD-a85036c2-6bc2-4de1-9d61-afa53c07995a,2025-12-24 10:00:00,4,Completed,PayPal
ORD-1f8690f5-7c97-4a90-b409-3ea862946926,CUST-a5e94f46-44da-4da8-a304-6f753a76f6b6,PROD-2778f30b-81d5-4495-82c5-3eec31a4cb04,2025-12-24 16:00:00,3,Completed,PayPal
ORD-b9c8636a-5153-46fd-9952-3a42b1593dd8,CUST-7c043a15-73b4-4d97-8f5b-090c6203edb9,PROD-51e479b3-f91a-4677-814a-cb82b2c3c107,2025-12-26 20:00:00,3,Completed,Credit Card
ORD-c2876556-212d-42bf-8cc0-2c1f468e7154,CUST-69a8c523-ec1d-4d25-8a9e-4b46598199cb,PROD-aab0afe9-5df6-4b48-ae99-f322e3820802,2025-12-27 03:00:00,2,Completed,Debit Card
ORD-1e3ffacd-29b4-43ec-ae34-27f3de1f4885,CUST-6c293700-18ef-46f0-b9c9-341e1fc2961b,PROD-a85036c2-6bc2-4de1-9d61-afa53c07995a,2025-12-27 12:00:00,4,Pending,PayPal
ORD-888ca940-366f-462d-a869-197fd4776043,CUST-016ec8c2-99c8-4448-98be-ca31d22dbcf9,PROD-a85036c2-6bc2-4de1-9d61-afa53c07995a,2025-12-28 12:00:00,4,Cancelled,Debit Card
ORD-8bdfe156-54f0-41c0-a551-3c3aac4335ee,CUST-5405e892-a40b-4afc-88ca-0252b5dc9f7b,PROD-043183ed-f499-422b-ac48-bf3d52113c94,2025-12-28 16:00:00,3,Pending,Credit Card
ORD-374ff953-beec-465f-a8ae-004559f0d0ae,CUST-04d1beb4-7991-4cdb-b622-ffc1f8bd7217,PROD-64314286-d564-4c55-9694-ee4b8b4d89c8,2025-12-28 18:00:00,3,Pending,Credit Card
ORD-16bd4241-958a-433a-b79b-fcd7219c151b,CUST-1c12a331-8063-4ab6-b674-f7fa3bfd5a02,PROD-aab0afe9-5df6-4b48-ae99-f322e3820802,2025-12-28 21:00:00,1,Completed,Apple Pay
ORD-0dbcf908-d855-4c1d-a7fc-ef85046593d7,CUST-c98ec440-0f32-43ad-93e9-a9801f7fcefc,PROD-391c0c33-fe4c-43ec-a362-1a200b406e9f,2025-12-29 02:00:00,4,Completed,Credit Card
ORD-12ab9e8f-da55-4ac3-aee7-c9cf555d1821,CUST-fdb428f7-9cce-4005-80dc-7d13d95e9976,PROD-35dc3662-e193-4ac2-a527-af21c2f79d56,2025-12-29 19:00:00,1,Completed,Debit Card
ORD-960a976e-b087-47d0-9f9d-9ae9caf84aa9,CUST-caa00197-d1c5-468c-a656-0a9f4b19214a,PROD-577a23c6-5b4d-4041-813a-3a8b596ceb04,2025-12-29 20:00:00,4,Pending,Debit Card
ORD-43182df8-8b32-4189-9e4b-9c5785416589,CUST-d441b96b-6bf9-4de5-b442-0474915e8ac5,PROD-a85036c2-6bc2-4de1-9d61-afa53c07995a,2025-12-29 23:00:00,4,Completed,Apple Pay
ORD-ea901742-7593-4b41-bf54-06d1d655b7d3,CUST-e6478782-efe0-45a7-98d9-3986a907b69b,PROD-2778f30b-81d5-4495-82c5-3eec31a4cb04,2025-12-30 00:00:00,2,Pending,Debit Card
ORD-17eb0c17-175b-456f-b29d-530850435889,CUST-81a07ad9-9ea5-4c28-ab3d-ea36dc2e1152,PROD-64314286-d564-4c55-9694-ee4b8b4d89c8,2025-12-31 15:00:00,3,Completed,Credit Card
ORD-9085d84b-00b9-4692-8b81-ac7cd68a0171,CUST-19f698ab-8acf-4648-9527-87e540901f2a,PROD-35dc3662-e193-4ac2-a527-af21c2f79d56,2025-12-31 16:00:00,2,Cancelled,PayPal
ORD-6963594e-0639-48d5-a53a-99d924ecf51c,CUST-b44aa1f9-ec75-48cc-9d09-a8b03e2869fe,PROD-d70f9c69-d4aa-42b4-ace5-01904a73071a,2025-12-31 22:00:00,3,Completed,Apple Pay
ORD-0f407fb3-e68a-45c6-be9f-748a311bd008,CUST-5d3e62d3-c201-416a-b76f-21ba639e82cc,PROD-2778f30b-81d5-4495-82c5-3eec31a4cb04,2026-01-02 08:00:00,2,Completed,PayPal
ORD-2c5bdc03-bb27-45d1-b4e0-a03334c37182,CUST-f7648678-b8e4-4839-bf32-7596f4476c4e,PROD-64e93a84-4dbb-4661-9ec3-043dd1693d6e,2026-01-02 17:00:00,3,Pending,Debit Card
ORD-5f995a6c-26d9-4e3d-8d8a-6dc3c310d13a,CUST-01655386-0c1b-4ac8-afe1-3d4a79daa528,PROD-51e479b3-f91a-4677-814a-cb82b2c3c107,2026-01-03 03:00:00,1,Completed,PayPal
ORD-d3bdb842-aa5b-440e-9160-a4b47751d228,CUST-f04b7a38-0a51-4587-86c4-3461fac18b5e,PROD-e6c46fd7-4654-4fc5-9bae-d335fdd7223f,2026-01-04 03:00:00,4,Cancelled,Apple Pay
ORD-a3c085a3-52e5-4b4f-8703-6339d6234f35,CUST-32b58449-8c05-4278-a885-0e83cc15e246,PROD-2778f30b-81d5-4495-82c5-3eec31a4cb04,2026-01-04 05:00:00,1,Completed,Apple Pay
ORD-13c9c197-e597-4ab1-ba67-f3ca6cc8000c,CUST-b44aa1f9-ec75-48cc-9d09-a8b03e2869fe,PROD-aab0afe9-5df6-4b48-ae99-f322e3820802,2026-01-04 18:00:00,2,Pending,Debit Card
ORD-643cacfa-bc41-4506-8578-4109604497a0,CUST-ffe08207-15f3-4d12-966c-963f36ad1227,PROD-043183ed-f499-422b-ac48-bf3d52113c94,2026-01-05 02:00:00,3,Pending,Debit Card
ORD-2f93d181-0e1f-4d47-b700-3e8f190cf607,CUST-17ecd18d-c985-4e38-9bb0-a2fc5b33f332,PROD-391c0c33-fe4c-43ec-a362-1a200b406e9f,2026-01-06 11:00:00,4,Completed,PayPal
ORD-f270adc2-1ac0-419b-8b2a-93668f7aac65,CUST-23f7671e-dec0-4667-ac63-5a70e4723fdb,PROD-64314286-d564-4c55-9694-ee4b8b4d89c8,2026-01-07 08:00:00,2,Cancelled,Credit Card
ORD-c4f5cb5f-1514-4100-ae08-4bf55153b16e,CUST-dba92cf9-cd68-4901-8542-0cc25ddef9a3,PROD-043183ed-f499-422b-ac48-bf3d52113c94,2026-01-08 03:00:00,1,Cancelled,Apple Pay
ORD-8e46512a-0b97-47b1-910b-847452ac22f4,CUST-9e999ef6-335c-4d00-90d4-6cc6aa6f7da3,PROD-d70f9c69-d4aa-42b4-ace5-01904a73071a,2026-01-08 05:00:00,2,Pending,Apple Pay
ORD-20bf966b-4394-4d27-93fb-13d9f64540a9,CUST-ed1abfb8-5b2c-4e5d-9dae-c49a86435a04,PROD-2778f30b-81d5-4495-82c5-3eec31a4cb04,2026-01-10 12:00:00,1,Completed,Credit Card
ORD-a241aaef-66cb-4c18-bd02-63d5c539f3f1,CUST-68fd6abf-5d8f-4287-be3a-fa3b710b5e4d,PROD-a85036c2-6bc2-4de1-9d61-afa53c07995a,2026-01-11 14:00:00,3,Completed,Credit Card
ORD-209cf9a8-d541-4386-90bf-22bddf824639,CUST-bda55a77-5f72-44da-9029-e34a01f889a3,PROD-64314286-d564-4c55-9694-ee4b8b4d89c8,2026-01-13 13:00:00,3,Completed,Apple Pay
ORD-aebd0156-0f06-4ead-ad52-1c8f5e9c93f1,CUST-fbe5ac25-9ad1-48cb-a082-919f5b22c749,PROD-aab0afe9-5df6-4b48-ae99-f322e3820802,2026-01-13 17:00:00,1,Completed,Debit Card
ORD-1bfa5e9e-b084-41d8-af4c-e7c54174cc0f,CUST-b5c3308f-1eba-44c4-95d5-4e4fe97f4f68,PROD-51e479b3-f91a-4677-814a-cb82b2c3c107,2026-01-14 05:00:00,3,Completed,Apple Pay
ORD-061614f5-1bd7-4c6c-9dd5-f5b5a048cfd0,CUST-2e32404f-62f6-4529-94e7-8685c870dc28,PROD-aab0afe9-5df6-4b48-ae99-f322e3820802,2026-01-15 20:00:00,1,Completed,Apple Pay
ORD-bbbdab09-9970-4bd7-820d-f28c9448a43b,CUST-79832843-194d-4dad-be01-2ebbf9b6d44f,PROD-35dc3662-e193-4ac2-a527-af21c2f79d56,2026-01-16 15:00:00,2,Completed,Credit Card
ORD-1c2e361d-7829-4cd4-9d4e-fc53c1e64f7b,CUST-3e8080e0-401f-4123-9c8d-a64ea80263f5,PROD-64e93a84-4dbb-4661-9ec3-043dd1693d6e,2026-01-18 00:00:00,3,Cancelled,Credit Card
ORD-56d1556d-ab7f-45dc-a326-0a83f81a85fc,CUST-66d6b5e7-eb41-4707-b8db-3151869d74f8,PROD-d70f9c69-d4aa-42b4-ace5-01904a73071a,2026-01-18 03:00:00,1,Completed,Credit Card
ORD-0864bf90-45aa-46ed-b936-38c933ef76ff,CUST-66d6b5e7-eb41-4707-b8db-3151869d74f8,PROD-64314286-d564-4c55-9694-ee4b8b4d89c8,2026-01-18 03:00:00,4,Pending,PayPal
ORD-fc769d26-5445-41f1-be77-2848c0482096,CUST-6ff160b8-3833-4921-91d1-102ac96fee31,PROD-577a23c6-5b4d-4041-813a-3a8b596ceb04,2026-01-19 06:00:00,2,Completed,Debit Card
ORD-21476e90-1a79-4588-976e-1036b86ea42e,CUST-6ccd618d-ef72-45cf-83f7-960660bc86a2,PROD-64e93a84-4dbb-4661-9ec3-043dd1693d6e,2026-01-21 16:00:00,3,Cancelled,PayPal
ORD-4731a245-ab13-42be-822e-540bcea5e484,CUST-49e30b2f-0793-4b82-a757-1f2a59ee4fa6,PROD-2778f30b-81d5-4495-82c5-3eec31a4cb04,2026-01-21 16:00:00,3,Cancelled,Apple Pay
ORD-0e94774a-d893-49f1-87f8-c10a800aa45c,CUST-fdb428f7-9cce-4005-80dc-7d13d95e9976,PROD-577a23c6-5b4d-4041-813a-3a8b596ceb04,2026-01-22 16:00:00,1,Completed,Apple Pay
ORD-aacf9ef8-4437-4e57-9796-73a7d10170c0,CUST-a5e94f46-44da-4da8-a304-6f753a76f6b6,PROD-043183ed-f499-422b-ac48-bf3d52113c94,2026-01-22 19:00:00,3,Cancelled,Apple Pay
ORD-8dd4b790-6136-4e01-9bdc-3ab84758e685,CUST-d09364e1-e4fa-421e-ac13-f0b4f257406f,PROD-e6c46fd7-4654-4fc5-9bae-d335fdd7223f,2026-01-23 03:00:00,3,Completed,Debit Card
ORD-39f3bcc4-3da9-4d82-b723-dbe49a6803d5,CUST-ee6388a2-fc39-48c9-85f7-df68e6d046af,PROD-d70f9c69-d4aa-42b4-ace5-01904a73071a,2026-01-24 15:00:00,4,Completed,PayPal
ORD-5d9a429a-0e8b-4cf4-bb41-ad92cf73a542,CUST-7c043a15-73b4-4d97-8f5b-090c6203edb9,PROD-aab0afe9-5df6-4b48-ae99-f322e3820802,2026-01-26 09:00:00,2,Cancelled,Debit Card
ORD-d3b86882-7591-4d58-b362-541244c899df,CUST-5c8c22b4-c76b-48d0-9132-c291ace8fdc6,PROD-51e479b3-f91a-4677-814a-cb82b2c3c107,2026-01-28 00:00:00,1,Cancelled,Debit Card
ORD-dec37782-cf76-414e-af65-babc19f1498b,CUST-caa00197-d1c5-468c-a656-0a9f4b19214a,PROD-d70f9c69-d4aa-42b4-ace5-01904a73071a,2026-01-28 20:00:00,2,Cancelled,Apple Pay
ORD-7df94960-6b7d-4544-9716-1727bdbe03b6,CUST-7c043a15-73b4-4d97-8f5b-090c6203edb9,PROD-577a23c6-5b4d-4041-813a-3a8b596ceb04,2026-01-29 01:00:00,2,Pending,PayPal
ORD-8a578c87-89ac-4676-8ed3-cbaffdd72582,CUST-baba7caa-97bb-4cb2-88f0-aac0f8d825fc,PROD-a85036c2-6bc2-4de1-9d61-afa53c07995a,2026-01-30 11:00:00,3,Completed,Debit Card
ORD-ed25577b-d249-4786-9dc8-745df1155953,CUST-36991a36-2d61-4de8-9559-af2905611cd1,PROD-a85036c2-6bc2-4de1-9d61-afa53c07995a,2026-01-30 19:00:00,4,Completed,PayPal
ORD-f140154e-5dbc-4a42-b9ab-9b92a0a504f8,CUST-bcd92b44-d62b-46aa-8cd0-2c2ee7915164,PROD-391c0c33-fe4c-43ec-a362-1a200b406e9f,2026-02-01 15:00:00,3,Completed,Apple Pay
ORD-9241fbb7-197b-4183-9ff8-9f00429045e0,CUST-c7acf430-20c3-4ba4-a019-3afdb079fed5,PROD-2778f30b-81d5-4495-82c5-3eec31a4cb04,2026-02-01 19:00:00,4,Completed,Credit Card
ORD-ed7b7d68-f91b-45ac-af66-91105e4d6f7a,CUST-5405e892-a40b-4afc-88ca-0252b5dc9f7b,PROD-64e93a84-4dbb-4661-9ec3-043dd1693d6e,2026-02-02 05:00:00,1,Completed,Debit Card
ORD-ef990f98-bb26-48da-8337-52748e0a5536,CUST-1b2dd197-4a20-4b1b-b91f-5acae5f34f94,PROD-a85036c2-6bc2-4de1-9d61-afa53c07995a,2026-02-02 22:00:00,1,Pending,Apple Pay
ORD-095e1ece-9efd-4841-a516-7be26a63d65e,CUST-f2c8b1d6-2478-485a-a939-0b9885d2e494,PROD-391c0c33-fe4c-43ec-a362-1a200b406e9f,2026-02-04 06:00:00,1,Pending,Credit Card
ORD-3048385c-4d7e-4ac1-aa41-66177788843c,CUST-ab725235-8229-4135-9d7c-58c275ec26c2,PROD-64314286-d564-4c55-9694-ee4b8b4d89c8,2026-02-04 07:00:00,2,Completed,PayPal
ORD-f503bd92-403b-457c-99e3-2a1340bc26ef,CUST-23f7671e-dec0-4667-ac63-5a70e4723fdb,PROD-d70f9c69-d4aa-42b4-ace5-01904a73071a,2026-02-05 07:00:00,3,Cancelled,Credit Card
ORD-15f4cccc-0c91-4a3f-b09f-1c882d958f8a,CUST-d66e388d-e0dc-4bbc-936f-d1f4ba7deb87,PROD-aab0afe9-5df6-4b48-ae99-f322e3820802,2026-02-07 05:00:00,3,Pending,Debit Card
ORD-f58b63c1-9f29-4f66-a18b-aaeabcde75ed,CUST-96d40bea-507a-4cf8-afe8-cf59cff99463,PROD-2778f30b-81d5-4495-82c5-3eec31a4cb04,2026-02-07 17:00:00,3,Completed,PayPal
ORD-bd603fd9-29ed-42a8-bc6f-b6b6a2d79adb,CUST-4665d28f-3950-47c6-8315-d7d208754021,PROD-391c0c33-fe4c-43ec-a362-1a200b406e9f,2026-02-08 17:00:00,1,Pending,Debit Card
ORD-f77347ce-2887-4966-bd80-8009b743009f,CUST-732c6ce3-9e3f-42d4-8590-346407ac5c4f,PROD-aab0afe9-5df6-4b48-ae99-f322e3820802,2026-02-10 09:00:00,1,Cancelled,Debit Card
ORD-aa65bd14-7afa-40db-81ec-00c4f4137814,CUST-441bac50-3db0-42d0-8e18-7fb89cdfb89c,PROD-2778f30b-81d5-4495-82c5-3eec31a4cb04,2026-02-10 18:00:00,4,Cancelled,PayPal
ORD-0c7b101d-b46c-45c4-95a0-e2a723ef2156,CUST-44508570-a4aa-41a6-a987-9a6f4aced686,PROD-a85036c2-6bc2-4de1-9d61-afa53c07995a,2026-02-10 21:00:00,4,Completed,Credit Card
ORD-942a0311-709c-422d-8887-ad066595117b,CUST-0c1e57bc-1e53-435e-907a-89b1d3891d85,PROD-043183ed-f499-422b-ac48-bf3d52113c94,2026-02-11 00:00:00,4,Completed,PayPal
ORD-5cd78454-4a6d-4dc8-bc2d-ed919ad96b10,CUST-862430c7-1355-4390-a442-85e748981a12,PROD-d70f9c69-d4aa-42b4-ace5-01904a73071a,2026-02-11 19:00:00,4,Pending,Apple Pay
ORD-49a78b54-090e-4ae1-99fb-eae428897fa7,CUST-95ccab1b-fb10-4942-a50e-6f2137aa0a01,PROD-a85036c2-6bc2-4de1-9d61-afa53c07995a,2026-02-11 21:00:00,1,Completed,Debit Card
ORD-c66a725a-c17c-47f3-b4bd-d91518703893,CUST-ab5c39a2-ef05-4606-9c4f-fd4610a69963,PROD-391c0c33-fe4c-43ec-a362-1a200b406e9f,2026-02-12 16:00:00,3,Cancelled,PayPal
ORD-3817300c-1d1a-4049-ba11-bd9cf039a8c1,CUST-d92f518f-b4fc-455b-a0da-215c22e9ab03,PROD-391c0c33-fe4c-43ec-a362-1a200b406e9f,2026-02-13 05:00:00,3,Completed,PayPal
ORD-5141d011-90ab-4a5c-8084-31ee55a2c0e6,CUST-d441b96b-6bf9-4de5-b442-0474915e8ac5,PROD-51e479b3-f91a-4677-814a-cb82b2c3c107,2026-02-14 05:00:00,4,Completed,Debit Card
ORD-b25c0080-0179-408b-a7aa-ea7c1557df5e,CUST-baba7caa-97bb-4cb2-88f0-aac0f8d825fc,PROD-aab0afe9-5df6-4b48-ae99-f322e3820802,2026-02-16 01:00:00,4,Cancelled,Debit Card
ORD-35c1cd73-2aae-4507-814a-8dd05e154bd9,CUST-5280697d-71e5-4e92-804e-033e5c74a88c,PROD-391c0c33-fe4c-43ec-a362-1a200b406e9f,2026-02-16 01:00:00,3,Pending,Apple Pay
ORD-6748192f-af9d-4172-87a5-6e9d92aa92cb,CUST-15831d9f-96eb-4352-8a52-e272be4b7d20,PROD-a85036c2-6bc2-4de1-9d61-afa53c07995a,2026-02-17 01:00:00,1,Pending,Credit Card
ORD-82e59ec9-e155-4797-a0bf-68cbf5e4ad2a,CUST-4a92443a-3da3-4cc4-b574-4cd9aba866b1,PROD-35dc3662-e193-4ac2-a527-af21c2f79d56,2026-02-17 21:00:00,3,Pending,PayPal
ORD-1e492784-337c-41fc-b802-0b50a404f307,CUST-57da39b5-3e40-472f-aad0-6bc1ca109eaf,PROD-aab0afe9-5df6-4b48-ae99-f322e3820802,2026-02-18 03:00:00,1,Completed,PayPal
ORD-45d1ce46-1c6e-40a8-bed5-8373de1748c1,CUST-2c089b2e-9344-4b12-9f30-d25072cb2e6c,PROD-d70f9c69-d4aa-42b4-ace5-01904a73071a,2026-02-18 16:00:00,3,Completed,Apple Pay
ORD-185b64a3-5c00-4622-8354-8454ae2741dc,CUST-7b03a941-55bc-4359-bb93-6c4c38871cbb,PROD-aab0afe9-5df6-4b48-ae99-f322e3820802,2026-02-19 08:00:00,2,Completed,Credit Card
ORD-2eb80a03-2aca-4494-8e63-aff86162e3e9,CUST-5280697d-71e5-4e92-804e-033e5c74a88c,PROD-64e93a84-4dbb-4661-9ec3-043dd1693d6e,2026-02-20 08:00:00,4,Completed,PayPal
ORD-53aa2772-82a2-4432-99a1-a9109ad5a176,CUST-7b03a941-55bc-4359-bb93-6c4c38871cbb,PROD-e6c46fd7-4654-4fc5-9bae-d335fdd7223f,2026-02-22 06:00:00,1,Completed,Apple Pay
ORD-df995d16-3895-40c2-ae78-b70c33d58c69,CUST-e31ef663-c483-4b96-b41a-d92a7f22a284,PROD-64314286-d564-4c55-9694-ee4b8b4d89c8,2026-02-22 08:00:00,1,Pending,Credit Card
ORD-09b61fb3-7da8-4405-828c-69e159cdbdab,CUST-e227e28d-bbb1-4d1c-ab7b-4dcc575a9a17,PROD-64e93a84-4dbb-4661-9ec3-043dd1693d6e,2026-02-23 07:00:00,2,Completed,Debit Card
ORD-0e5cd447-0ef7-4fe6-a62d-f4b84cf02e13,CUST-32678ad7-474d-4cb2-abc9-bbccf925f24c,PROD-043183ed-f499-422b-ac48-bf3d52113c94,2026-02-25 02:00:00,1,Cancelled,Credit Card
ORD-5f889029-2c77-410e-b8cf-602af6c70b53,CUST-ffe08207-15f3-4d12-966c-963f36ad1227,PROD-64e93a84-4dbb-4661-9ec3-043dd1693d6e,2026-02-25 23:00:00,2,Pending,Credit Card
ORD-f2faac1b-fb3a-4c64-b527-116de574cdff,CUST-15831d9f-96eb-4352-8a52-e272be4b7d20,PROD-391c0c33-fe4c-43ec-a362-1a200b406e9f,2026-02-26 01:00:00,3,Cancelled,Debit Card
ORD-54c2c0b8-7c7e-4423-bd94-ee2ff16fea9c,CUST-862430c7-1355-4390-a442-85e748981a12,PROD-64e93a84-4dbb-4661-9ec3-043dd1693d6e,2026-02-26 12:00:00,1,Cancelled,Credit Card
ORD-07e31c1a-46b9-4305-8a54-9a0dabcb1b93,CUST-56093e99-9841-432a-8c38-7afb8abe7b1a,PROD-2778f30b-81d5-4495-82c5-3eec31a4cb04,2026-02-28 00:00:00,4,Completed,Debit Card
ORD-b63b1d9f-1f06-4dd5-8e46-7e275c0a2249,CUST-0c1e57bc-1e53-435e-907a-89b1d3891d85,PROD-391c0c33-fe4c-43ec-a362-1a200b406e9f,2026-03-01 03:00:00,2,Completed,Apple Pay
ORD-f6012f73-9567-4a11-b4c0-bc8e27287f6b,CUST-5280697d-71e5-4e92-804e-033e5c74a88c,PROD-577a23c6-5b4d-4041-813a-3a8b596ceb04,2026-03-01 04:00:00,3,Cancelled,PayPal
ORD-f18e427e-ed83-44a7-ba25-8f1629fa6cb2,CUST-925ab295-eb95-4b7f-b9a6-1398a49f23e7,PROD-a85036c2-6bc2-4de1-9d61-afa53c07995a,2026-03-01 17:00:00,1,Completed,Apple Pay
ORD-d5286481-11b6-4e32-9b4f-635002ab7d40,CUST-441bac50-3db0-42d0-8e18-7fb89cdfb89c,PROD-577a23c6-5b4d-4041-813a-3a8b596ceb04,2026-03-01 19:00:00,3,Cancelled,Credit Card
ORD-dddafa9a-8334-4146-84f8-7e556c47a0db,CUST-e227e28d-bbb1-4d1c-ab7b-4dcc575a9a17,PROD-2778f30b-81d5-4495-82c5-3eec31a4cb04,2026-03-01 21:00:00,1,Completed,Apple Pay
ORD-0fe402f8-3a08-4c00-a5f5-ac071f53b195,CUST-6ec46708-ad17-493c-9512-ad1515121f08,PROD-577a23c6-5b4d-4041-813a-3a8b596ceb04,2026-03-02 11:00:00,2,Completed,Debit Card
ORD-b6f3ea65-ecaa-42e5-8f76-cb80c82fc6b1,CUST-fd9cf896-01c4-4133-8d18-c8776b9b12f5,PROD-d70f9c69-d4aa-42b4-ace5-01904a73071a,2026-03-03 06:00:00,3,Completed,Debit Card
ORD-fc07ba9b-1671-455a-af6b-7cc68ddc8a24,CUST-caa00197-d1c5-468c-a656-0a9f4b19214a,PROD-d70f9c69-d4aa-42b4-ace5-01904a73071a,2026-03-03 20:00:00,3,Completed,Debit Card
ORD-737789c2-c15a-4969-af9e-8114eecc9bf2,CUST-5405e892-a40b-4afc-88ca-0252b5dc9f7b,PROD-d70f9c69-d4aa-42b4-ace5-01904a73071a,2026-03-05 06:00:00,3,Completed,Debit Card
ORD-7df1841e-220a-4779-a3bd-51b784b57c3c,CUST-d441b96b-6bf9-4de5-b442-0474915e8ac5,PROD-d70f9c69-d4aa-42b4-ace5-01904a73071a,2026-03-05 21:00:00,2,Completed,Debit Card
ORD-0d0b148e-f2f2-47e3-bb0b-e66d7997fa02,CUST-4aa09a30-3097-4bea-b41c-65f8cb537d80,PROD-577a23c6-5b4d-4041-813a-3a8b596ceb04,2026-03-07 07:00:00,3,Pending,Apple Pay
ORD-7fc39d78-ee3c-4f7f-bb09-5fe4e09cf695,CUST-08ebef00-49d5-4f43-ac24-9a1ed09924af,PROD-577a23c6-5b4d-4041-813a-3a8b596ceb04,2026-03-07 23:00:00,1,Completed,PayPal
ORD-6e04e1bc-0352-4530-aaad-2f262258e9d4,CUST-95ccab1b-fb10-4942-a50e-6f2137aa0a01,PROD-391c0c33-fe4c-43ec-a362-1a200b406e9f,2026-03-08 04:00:00,4,Cancelled,PayPal
ORD-5349ba18-592c-4fb9-8103-cb0d0fab0947,CUST-2fb0472e-36a8-43ab-b775-4fbbf6129f94,PROD-aab0afe9-5df6-4b48-ae99-f322e3820802,2026-03-08 04:00:00,1,Cancelled,PayPal
ORD-2cfa4377-e988-4d9b-a610-b0d76f6a221c,CUST-dc22b158-e36d-4141-bc28-90fe6d2daac7,PROD-d70f9c69-d4aa-42b4-ace5-01904a73071a,2026-03-10 17:00:00,3,Completed,Credit Card
ORD-b2a98f2b-eb21-4783-bfb5-2234cedc826a,CUST-8f86ec83-984f-493b-816d-011e6a885d65,PROD-2778f30b-81d5-4495-82c5-3eec31a4cb04,2026-03-10 18:00:00,2,Completed,PayPal
ORD-4badc3c1-6889-4576-ac48-dabed3187e35,CUST-4665d28f-3950-47c6-8315-d7d208754021,PROD-391c0c33-fe4c-43ec-a362-1a200b406e9f,2026-03-12 02:00:00,4,Completed,Credit Card
ORD-903f8078-97ad-401f-8eb9-04f3af1660fc,CUST-81a07ad9-9ea5-4c28-ab3d-ea36dc2e1152,PROD-2778f30b-81d5-4495-82c5-3eec31a4cb04,2026-03-12 05:00:00,3,Cancelled,Debit Card
ORD-575039de-cc49-459c-8e6b-bed728321ab6,CUST-d66e388d-e0dc-4bbc-936f-d1f4ba7deb87,PROD-d70f9c69-d4aa-42b4-ace5-01904a73071a,2026-03-12 11:00:00,4,Completed,PayPal
ORD-e13f964a-231b-498a-80ff-f30514de1924,CUST-81a07ad9-9ea5-4c28-ab3d-ea36dc2e1152,PROD-e6c46fd7-4654-4fc5-9bae-d335fdd7223f,2026-03-13 05:00:00,4,Completed,Credit Card
ORD-6d235d8b-cac7-4e86-9baf-93ec611e1e6e,CUST-fbe5ac25-9ad1-48cb-a082-919f5b22c749,PROD-35dc3662-e193-4ac2-a527-af21c2f79d56,2026-03-14 12:00:00,4,Completed,PayPal
ORD-3bb853d8-9b06-4080-9a13-3eb8d21d5b55,CUST-bda55a77-5f72-44da-9029-e34a01f889a3,PROD-d70f9c69-d4aa-42b4-ace5-01904a73071a,2026-03-15 09:00:00,3,Pending,Credit Card
ORD-31bcf3ae-dc19-4e4d-a727-908cf8d096e5,CUST-0f1133bf-80b3-47b4-ab26-5e6b59f74f8a,PROD-2778f30b-81d5-4495-82c5-3eec31a4cb04,2026-03-16 05:00:00,4,Cancelled,Debit Card
ORD-1f112ca2-7533-4bef-bbd5-c4a6c48668a2,CUST-68fd6abf-5d8f-4287-be3a-fa3b710b5e4d,PROD-64314286-d564-4c55-9694-ee4b8b4d89c8,2026-03-16 15:00:00,3,Completed,Credit Card
ORD-ac2c5e2a-eaaf-4010-8ada-924a0703bda4,CUST-b3fd56f8-c838-468a-9629-33414c7090a5,PROD-35dc3662-e193-4ac2-a527-af21c2f79d56,2026-03-16 22:00:00,3,Pending,Apple Pay
ORD-c830fd89-b4cf-4c70-a895-577a065f4766,CUST-8f1999d9-fd2a-4188-977c-d6cfde48b12a,PROD-aab0afe9-5df6-4b48-ae99-f322e3820802,2026-03-17 01:00:00,4,Completed,Debit Card
ORD-0a31a31a-184d-4dfe-86a1-a9066b67f05f,CUST-0dc49963-b4e8-49d5-9e9d-07380f9f14e4,PROD-577a23c6-5b4d-4041-813a-3a8b596ceb04,2026-03-17 10:00:00,4,Completed,Debit Card
ORD-18aaf2ef-4928-42d1-aa29-173aa9e0d541,CUST-5b42ff98-1b2d-487a-8dd0-c3998c92a9ad,PROD-391c0c33-fe4c-43ec-a362-1a200b406e9f,2026-03-17 12:00:00,4,Completed,Debit Card
ORD-44f24cb7-43b4-43e3-bd4e-888e71608651,CUST-cb8a37ee-0994-4180-84bb-e199be2c4792,PROD-043183ed-f499-422b-ac48-bf3d52113c94,2026-03-17 18:00:00,4,Pending,Credit Card
ORD-9024ee3c-833f-4bb3-945b-f38364ccfce4,CUST-fdb82e26-21bc-4f0e-94bc-405d7ac3d2ff,PROD-043183ed-f499-422b-ac48-bf3d52113c94,2026-03-18 09:00:00,2,Completed,Apple Pay
ORD-12b7402a-82db-49b3-8a3f-d3c46182e9d9,CUST-087be9ac-cac5-459a-9c30-d1aaf42dfb15,PROD-d70f9c69-d4aa-42b4-ace5-01904a73071a,2026-03-18 17:00:00,3,Cancelled,Debit Card
ORD-f3eac910-77ba-418e-9933-283c51ac2280,CUST-7abc9ca0-84b5-46fc-be9a-6e102e89a3be,PROD-d70f9c69-d4aa-42b4-ace5-01904a73071a,2026-03-18 22:00:00,4,Completed,PayPal
ORD-0f2f2a3d-7efe-412d-89b7-247b76f6d180,CUST-6ec46708-ad17-493c-9512-ad1515121f08,PROD-043183ed-f499-422b-ac48-bf3d52113c94,2026-03-19 18:00:00,2,Completed,Credit Card
ORD-a2c80cff-386c-4bb1-ac17-e0693407a748,CUST-17ecd18d-c985-4e38-9bb0-a2fc5b33f332,PROD-64314286-d564-4c55-9694-ee4b8b4d89c8,2026-03-19 18:00:00,3,Completed,Debit Card
ORD-d1a808e8-49d2-49c4-a1c5-b7cd66bc5c33,CUST-d441b96b-6bf9-4de5-b442-0474915e8ac5,PROD-51e479b3-f91a-4677-814a-cb82b2c3c107,2026-03-20 10:00:00,3,Pending,Debit Card
ORD-d3d999b0-5430-4b2d-ae84-c8764a8dc356,CUST-2fa4b61e-0674-4eeb-99cf-090674f217cf,PROD-51e479b3-f91a-4677-814a-cb82b2c3c107,2026-03-21 03:00:00,4,Completed,Debit Card
ORD-87e1f907-71e2-4619-9743-d26aaddb3f85,CUST-e227e28d-bbb1-4d1c-ab7b-4dcc575a9a17,PROD-64e93a84-4dbb-4661-9ec3-043dd1693d6e,2026-03-21 05:00:00,3,Cancelled,Apple Pay
ORD-b0666f35-a6a3-4500-b189-da4c68008a41,CUST-b6e1e6d0-d918-43f5-a8ff-d5c4745be47e,PROD-64e93a84-4dbb-4661-9ec3-043dd1693d6e,2026-03-21 11:00:00,4,Completed,Debit Card
ORD-bb437d66-adc7-489b-929a-10d45ddfa290,CUST-7c043a15-73b4-4d97-8f5b-090c6203edb9,PROD-aab0afe9-5df6-4b48-ae99-f322e3820802,2026-03-21 16:00:00,1,Pending,Debit Card
ORD-ce78c0bb-a9f8-4dc7-82ff-b9d2fc32b6b0,CUST-78beff06-655f-49aa-b57c-a58649f2447c,PROD-391c0c33-fe4c-43ec-a362-1a200b406e9f,2026-03-22 05:00:00,3,Cancelled,Credit Card
ORD-61383988-3be9-4a51-b826-d9410d9ce65f,CUST-15831d9f-96eb-4352-8a52-e272be4b7d20,PROD-577a23c6-5b4d-4041-813a-3a8b596ceb04,2026-03-22 12:00:00,2,Completed,Credit Card
ORD-aeb88e09-ca74-4a31-9ff4-516af267e529,CUST-36991a36-2d61-4de8-9559-af2905611cd1,PROD-64e93a84-4dbb-4661-9ec3-043dd1693d6e,2026-03-22 15:00:00,1,Pending,Apple Pay
ORD-74056706-e363-4ad1-94c6-3ec050515fe2,CUST-baba7caa-97bb-4cb2-88f0-aac0f8d825fc,PROD-391c0c33-fe4c-43ec-a362-1a200b406e9f,2026-03-22 16:00:00,4,Cancelled,Credit Card
ORD-a7014208-9e9f-4d8c-a78e-bd4724704ba8,CUST-a24b7206-0c2d-45dd-bef1-49d8e4b614f3,PROD-a85036c2-6bc2-4de1-9d61-afa53c07995a,2026-03-23 00:00:00,1,Completed,Debit Card
ORD-706683b3-0c95-4e8d-9b21-c97efe0fac5e,CUST-b14f5581-ad46-4259-9d4d-14dc3c37adf5,PROD-2778f30b-81d5-4495-82c5-3eec31a4cb04,2026-03-23 00:00:00,1,Completed,Credit Card
ORD-0a1a4852-7217-4485-a038-2dc212d719a2,CUST-4c1a71bc-d3d6-4c1a-8193-7333e8f4a364,PROD-391c0c33-fe4c-43ec-a362-1a200b406e9f,2026-03-23 13:00:00,1,Completed,PayPal
ORD-b44f972d-084b-4ff5-bc3f-cea65d14e95c,CUST-6df78fb0-41a7-4d89-a095-847d2642a4bb,PROD-2778f30b-81d5-4495-82c5-3eec31a4cb04,2026-03-24 00:00:00,4,Completed,PayPal
ORD-30e1f69d-3151-4bb0-a52c-d286748aaede,CUST-b6e1e6d0-d918-43f5-a8ff-d5c4745be47e,PROD-043183ed-f499-422b-ac48-bf3d52113c94,2026-03-24 15:00:00,1,Pending,PayPal
ORD-06d353d3-cf35-4ce3-83f7-34e1cd95f94a,CUST-6df78fb0-41a7-4d89-a095-847d2642a4bb,PROD-a85036c2-6bc2-4de1-9d61-afa53c07995a,2026-03-24 16:00:00,2,Completed,PayPal
ORD-9c7f5b99-07e7-4b9a-a6b6-769c73e83fbc,CUST-595fc0e9-42f4-4609-9899-722bc2b3068e,PROD-d70f9c69-d4aa-42b4-ace5-01904a73071a,2026-03-24 20:00:00,1,Pending,PayPal
ORD-2f48e595-d803-4cf5-ac36-0e42256a9f61,CUST-89510f29-378f-4b4b-91b3-614be79e35ce,PROD-a85036c2-6bc2-4de1-9d61-afa53c07995a,2026-03-24 23:00:00,1,Completed,Credit Card
ORD-79838962-03ac-4ed7-add8-8e40ff85aaae,CUST-ed9662a7-2ca9-43eb-9490-c08a8eb9df54,PROD-51e479b3-f91a-4677-814a-cb82b2c3c107,2026-03-25 06:00:00,4,Pending,Debit Card
ORD-17d0e4d0-b398-4b05-bf63-8d851fd2b35b,CUST-d66e388d-e0dc-4bbc-936f-d1f4ba7deb87,PROD-d70f9c69-d4aa-42b4-ace5-01904a73071a,2026-03-25 07:00:00,4,Cancelled,Debit Card
ORD-1da8af0b-68f0-4b7f-954f-f5f18f4073ed,CUST-13b70913-cf74-4e97-bdca-af0d625607be,PROD-a85036c2-6bc2-4de1-9d61-afa53c07995a,2026-03-25 23:00:00,2,Completed,Debit Card
ORD-6a8b9789-022f-427c-b767-08df3debbbc0,CUST-dc22b158-e36d-4141-bc28-90fe6d2daac7,PROD-e6c46fd7-4654-4fc5-9bae-d335fdd7223f,2026-03-26 12:00:00,4,Pending,Debit Card
ORD-c65fe7e7-8913-47bd-b8af-34b18b18d529,CUST-c7acf430-20c3-4ba4-a019-3afdb079fed5,PROD-64e93a84-4dbb-4661-9ec3-043dd1693d6e,2026-03-27 08:00:00,1,Completed,Credit Card
ORD-82895131-f6e1-4f13-940e-117a67c788e9,CUST-bda55a77-5f72-44da-9029-e34a01f889a3,PROD-aab0afe9-5df6-4b48-ae99-f322e3820802,2026-03-28 01:00:00,4,Completed,Apple Pay
ORD-d3857ec4-b4ba-413d-a859-ae0a052abf25,CUST-1b2dd197-4a20-4b1b-b91f-5acae5f34f94,PROD-d70f9c69-d4aa-42b4-ace5-01904a73071a,2026-03-28 03:00:00,4,Pending,Credit Card
ORD-f9eb10b6-a856-40bd-933e-889befe5b6ec,CUST-57da39b5-3e40-472f-aad0-6bc1ca109eaf,PROD-64314286-d564-4c55-9694-ee4b8b4d89c8,2026-03-28 20:00:00,4,Completed,Apple Pay
ORD-369265a4-e4e0-48f7-9956-07aac26ae784,CUST-d66e388d-e0dc-4bbc-936f-d1f4ba7deb87,PROD-64314286-d564-4c55-9694-ee4b8b4d89c8,2026-03-28 23:00:00,2,Cancelled,Credit Card
ORD-82d8f5b0-a55b-41ad-954c-a8d6bdd1b114,CUST-dba92cf9-cd68-4901-8542-0cc25ddef9a3,PROD-043183ed-f499-422b-ac48-bf3d52113c94,2026-03-29 01:00:00,1,Completed,Debit Card
ORD-c960f1cd-15ae-4e08-b9aa-c80ad60361b4,CUST-23f7671e-dec0-4667-ac63-5a70e4723fdb,PROD-a85036c2-6bc2-4de1-9d61-afa53c07995a,2026-03-29 04:00:00,4,Completed,PayPal
ORD-e5a5e232-b114-4ae7-a187-5b729c945d1c,CUST-ed704256-1094-4d9c-ab9e-9796657e597c,PROD-043183ed-f499-422b-ac48-bf3d52113c94,2026-03-29 19:00:00,4,Pending,PayPal
ORD-4b7f4efe-db38-40ec-aaff-d3c0e90cb41f,CUST-baba7caa-97bb-4cb2-88f0-aac0f8d825fc,PROD-577a23c6-5b4d-4041-813a-3a8b596ceb04,2026-03-29 21:00:00,3,Completed,Credit Card
ORD-77732b9e-b9a8-4e12-80de-21da8321966e,CUST-d115c6ea-24c5-4c3d-95b4-d11efb2d27d5,PROD-e6c46fd7-4654-4fc5-9bae-d335fdd7223f,2026-03-30 06:00:00,4,Completed,PayPal
ORD-0ceaa9cd-d62f-44fe-b163-6de942170ddc,CUST-ab725235-8229-4135-9d7c-58c275ec26c2,PROD-64e93a84-4dbb-4661-9ec3-043dd1693d6e,2026-03-31 00:00:00,2,Completed,Apple Pay
ORD-83e56590-d8ce-4011-820c-f051c3690efc,CUST-44929ecf-c923-433b-b140-b75bcae02aa2,PROD-64314286-d564-4c55-9694-ee4b8b4d89c8,2026-03-31 23:00:00,3,Completed,Credit Card
ORD-c08ab3cf-fef7-4039-a398-9c70f778d6b9,CUST-d09364e1-e4fa-421e-ac13-f0b4f257406f,PROD-51e479b3-f91a-4677-814a-cb82b2c3c107,2026-04-02 21:00:00,2,Completed,Debit Card
ORD-7b140ff5-91f2-4aea-bedc-01d0c9df3bc6,CUST-772e298a-a837-40e6-b153-bc024c8eeee4,PROD-a85036c2-6bc2-4de1-9d61-afa53c07995a,2026-04-03 08:00:00,1,Completed,PayPal
ORD-1b1a293c-a045-4d43-a69d-39d4fa8b3811,CUST-75b12d27-022d-445c-bfa6-ec8f96438a29,PROD-e6c46fd7-4654-4fc5-9bae-d335fdd7223f,2026-04-03 22:00:00,1,Completed,Credit Card
ORD-eea94b15-4938-47aa-8f7f-d0cc73693478,CUST-36991a36-2d61-4de8-9559-af2905611cd1,PROD-51e479b3-f91a-4677-814a-cb82b2c3c107,2026-04-04 01:00:00,1,Pending,Credit Card
ORD-fc4a3866-d253-4337-8474-a1bfbb482375,CUST-f9d4385f-b21d-4dca-b432-a2a8add65dbc,PROD-2778f30b-81d5-4495-82c5-3eec31a4cb04,2026-04-04 04:00:00,2,Completed,Debit Card
ORD-11638e37-33a4-459f-a9c5-a4045f6a6c0d,CUST-04c7f227-e2a9-445c-9f8e-44de0757a481,PROD-aab0afe9-5df6-4b48-ae99-f322e3820802,2026-04-05 07:00:00,1,Pending,Apple Pay
ORD-1a2c8118-83cb-4b85-99b2-f552dd2f414a,CUST-68fd6abf-5d8f-4287-be3a-fa3b710b5e4d,PROD-64e93a84-4dbb-4661-9ec3-043dd1693d6e,2026-04-05 13:00:00,4,Completed,PayPal
ORD-69dc9223-b9a4-49b4-9351-3f37f85b2c44,CUST-c7acf430-20c3-4ba4-a019-3afdb079fed5,PROD-043183ed-f499-422b-ac48-bf3d52113c94,2026-04-05 14:00:00,1,Pending,PayPal
ORD-2016b306-a91b-49a5-9506-f112a6eff1f2,CUST-1b2dd197-4a20-4b1b-b91f-5acae5f34f94,PROD-391c0c33-fe4c-43ec-a362-1a200b406e9f,2026-04-05 17:00:00,4,Completed,Apple Pay
ORD-57812d30-5f1e-4fd6-bfe3-6df5dee62ed8,CUST-ab25de93-0d02-475a-bfa3-3deb0ddc24b8,PROD-aab0afe9-5df6-4b48-ae99-f322e3820802,2026-04-05 19:00:00,1,Completed,Credit Card
ORD-680747bb-b4e1-4eaa-aec4-bc5dc614bb73,CUST-d48bf181-78a3-4b9d-9d30-4793ea24d72d,PROD-a85036c2-6bc2-4de1-9d61-afa53c07995a,2026-04-07 01:00:00,3,Cancelled,Credit Card
ORD-05cf1277-9dd2-4515-bfd3-3fc251abd6c3,CUST-2fb0472e-36a8-43ab-b775-4fbbf6129f94,PROD-51e479b3-f91a-4677-814a-cb82b2c3c107,2026-04-07 23:00:00,2,Completed,Credit Card
ORD-d115b89c-75b7-40bb-9bf2-d8ddf58d1bee,CUST-79832843-194d-4dad-be01-2ebbf9b6d44f,PROD-d70f9c69-d4aa-42b4-ace5-01904a73071a,2026-04-08 19:00:00,4,Cancelled,Apple Pay
ORD-c392e301-2cb2-4aa2-b07c-6415d8df0b9e,CUST-0f1133bf-80b3-47b4-ab26-5e6b59f74f8a,PROD-391c0c33-fe4c-43ec-a362-1a200b406e9f,2026-04-08 20:00:00,4,Completed,Apple Pay
ORD-a0972b73-2588-4886-bbae-771f59fb5e0d,CUST-f824216f-4499-4dd8-bee3-9fba5b279618,PROD-2778f30b-81d5-4495-82c5-3eec31a4cb04,2026-04-09 04:00:00,1,Pending,Credit Card
ORD-be32e755-2175-4517-b9b1-2a0add8f006d,CUST-b44aa1f9-ec75-48cc-9d09-a8b03e2869fe,PROD-64314286-d564-4c55-9694-ee4b8b4d89c8,2026-04-09 08:00:00,1,Completed,Credit Card
ORD-a51171a5-6241-4827-8fe3-c12ebdce1902,CUST-4665d28f-3950-47c6-8315-d7d208754021,PROD-043183ed-f499-422b-ac48-bf3d52113c94,2026-04-09 16:00:00,1,Completed,Credit Card
ORD-c5a57e7d-ff75-42cf-9fa3-52d2c56da0ac,CUST-7c043a15-73b4-4d97-8f5b-090c6203edb9,PROD-391c0c33-fe4c-43ec-a362-1a200b406e9f,2026-04-09 22:00:00,1,Completed,Credit Card
ORD-e3fce254-d971-46f7-88d4-e76f4ac0b7e7,CUST-b44aa1f9-ec75-48cc-9d09-a8b03e2869fe,PROD-a85036c2-6bc2-4de1-9d61-afa53c07995a,2026-04-10 20:00:00,4,Completed,Debit Card
ORD-8a6ab017-44f4-411d-bf7f-3f02ac10b398,CUST-44929ecf-c923-433b-b140-b75bcae02aa2,PROD-64314286-d564-4c55-9694-ee4b8b4d89c8,2026-04-10 20:00:00,3,Completed,Debit Card
ORD-acc04755-a557-41a0-8265-b2814b181102,CUST-3c0f69b1-f461-4b7c-837d-0fffba5143e9,PROD-d70f9c69-d4aa-42b4-ace5-01904a73071a,2026-04-11 03:00:00,4,Completed,Apple Pay
ORD-b52607ed-c0ea-4cb1-b04f-a49fa5dff3ef,CUST-8f1999d9-fd2a-4188-977c-d6cfde48b12a,PROD-aab0afe9-5df6-4b48-ae99-f322e3820802,2026-04-11 11:00:00,3,Completed,Apple Pay
ORD-708c11aa-fc4c-491f-b44b-db6da271e65e,CUST-2beaeac9-82b4-483a-847f-863073beef41,PROD-577a23c6-5b4d-4041-813a-3a8b596ceb04,2026-04-11 13:00:00,2,Pending,Credit Card
ORD-927b5a8b-50cd-4b71-a92e-6cf3a9427481,CUST-44929ecf-c923-433b-b140-b75bcae02aa2,PROD-391c0c33-fe4c-43ec-a362-1a200b406e9f,2026-04-12 01:00:00,4,Pending,Debit Card
ORD-c1a1e345-88ef-40bd-b8ad-9f77f54a5474,CUST-087be9ac-cac5-459a-9c30-d1aaf42dfb15,PROD-64e93a84-4dbb-4661-9ec3-043dd1693d6e,2026-04-12 18:00:00,1,Completed,Apple Pay
ORD-3be95090-514b-4e62-9a2d-e8a648613d06,CUST-edbff89a-f66d-4336-b5a6-bd43a287f180,PROD-391c0c33-fe4c-43ec-a362-1a200b406e9f,2026-04-13 14:00:00,4,Completed,Debit Card
ORD-cddcb787-c793-4592-924c-53a5b09e982b,CUST-ed9662a7-2ca9-43eb-9490-c08a8eb9df54,PROD-aab0afe9-5df6-4b48-ae99-f322e3820802,2026-04-14 22:00:00,4,Completed,PayPal
ORD-a3eef81e-1b2d-46a5-9670-acbb62934c94,CUST-732c6ce3-9e3f-42d4-8590-346407ac5c4f,PROD-577a23c6-5b4d-4041-813a-3a8b596ceb04,2026-04-15 03:00:00,4,Completed,PayPal
ORD-0bff917b-f5ee-4562-8567-16300a3da57b,CUST-e8d9a4a8-320e-459e-a842-4cb241990cf5,PROD-043183ed-f499-422b-ac48-bf3d52113c94,2026-04-16 01:00:00,3,Pending,Debit Card
ORD-8eb03934-7be2-44c4-8d0b-c61b840bd565,CUST-d115c6ea-24c5-4c3d-95b4-d11efb2d27d5,PROD-d70f9c69-d4aa-42b4-ace5-01904a73071a,2026-04-17 03:00:00,4,Completed,Credit Card
ORD-2aa724bf-73dc-481a-994c-c781819b24df,CUST-f04b7a38-0a51-4587-86c4-3461fac18b5e,PROD-043183ed-f499-422b-ac48-bf3d52113c94,2026-04-17 04:00:00,1,Pending,PayPal
ORD-85a7a164-a5ec-43b3-9559-5178cbfcb656,CUST-8f3e5e6e-3f4c-4d9d-8b5a-fe4d3d9dbec4,PROD-64314286-d564-4c55-9694-ee4b8b4d89c8,2026-04-18 08:00:00,1,Pending,Credit Card
ORD-63212e80-2d0a-4469-b86a-a58a99ff9a6c,CUST-34eab866-b096-4219-8091-c398d868dc48,PROD-64e93a84-4dbb-4661-9ec3-043dd1693d6e,2026-04-19 13:00:00,1,Completed,Credit Card
ORD-dccd6093-4db1-4839-ae58-0c7b7ab8356d,CUST-b807029c-d06b-4727-a348-5260998c2e94,PROD-e6c46fd7-4654-4fc5-9bae-d335fdd7223f,2026-04-21 10:00:00,3,Completed,Credit Card
ORD-b1cf43c9-913f-4570-8636-560add9bf2e0,CUST-62911fb1-8ff1-4bcc-961f-1ce6f9def6c6,PROD-64e93a84-4dbb-4661-9ec3-043dd1693d6e,2026-04-21 14:00:00,3,Completed,Debit Card
ORD-8a22fe7c-a1ca-4d5a-9e60-e344864322bb,CUST-7b207a1c-797a-419c-9e26-71ae5407ffad,PROD-577a23c6-5b4d-4041-813a-3a8b596ceb04,2026-04-22 00:00:00,4,Cancelled,Credit Card
ORD-3b6b5e21-abd4-436f-935b-46470403b7b8,CUST-b6e1e6d0-d918-43f5-a8ff-d5c4745be47e,PROD-d70f9c69-d4aa-42b4-ace5-01904a73071a,2026-04-22 18:00:00,2,Completed,Debit Card
ORD-7ddc9bd4-a926-42da-961c-d76aec77280e,CUST-0dc49963-b4e8-49d5-9e9d-07380f9f14e4,PROD-51e479b3-f91a-4677-814a-cb82b2c3c107,2026-04-23 14:00:00,4,Cancelled,PayPal
ORD-c655e93c-4a4a-401a-8a22-f87a7bbaa9c0,CUST-7da9b312-dc11-405d-9ec8-dfa0cd972edf,PROD-2778f30b-81d5-4495-82c5-3eec31a4cb04,2026-04-23 19:00:00,3,Pending,PayPal
ORD-5b372a2d-b322-48b5-b552-1a4f62e022df,CUST-25f6b108-5d2f-4d85-805c-2467557d6ebb,PROD-e6c46fd7-4654-4fc5-9bae-d335fdd7223f,2026-04-24 05:00:00,1,Pending,PayPal
ORD-23c5c505-f537-40c7-8699-7800b1cf1af0,CUST-8c4bf145-28aa-4df1-ba55-867d094a6012,PROD-aab0afe9-5df6-4b48-ae99-f322e3820802,2026-04-24 14:00:00,1,Pending,Apple Pay
ORD-b6906fdd-97a8-4728-b988-eb83f082880a,CUST-ab5c39a2-ef05-4606-9c4f-fd4610a69963,PROD-2778f30b-81d5-4495-82c5-3eec31a4cb04,2026-04-25 02:00:00,2,Completed,Credit Card
ORD-867d6ad8-ac82-4241-bf23-07a08e1caea6,CUST-7c043a15-73b4-4d97-8f5b-090c6203edb9,PROD-2778f30b-81d5-4495-82c5-3eec31a4cb04,2026-04-25 06:00:00,4,Completed,Credit Card
ORD-add0293f-920c-4d1d-b1fd-3f3625666650,CUST-49e30b2f-0793-4b82-a757-1f2a59ee4fa6,PROD-577a23c6-5b4d-4041-813a-3a8b596ceb04,2026-04-25 14:00:00,1,Completed,PayPal
ORD-1e991184-db70-4ec5-b88f-b209f0d91d4a,CUST-68fd6abf-5d8f-4287-be3a-fa3b710b5e4d,PROD-64314286-d564-4c55-9694-ee4b8b4d89c8,2026-04-26 14:00:00,3,Cancelled,PayPal
ORD-527d5abe-721b-46c2-8345-643c2ed02af7,CUST-4aa09a30-3097-4bea-b41c-65f8cb537d80,PROD-391c0c33-fe4c-43ec-a362-1a200b406e9f,2026-04-27 02:00:00,4,Completed,Debit Card
ORD-defa7f84-d0f0-4f37-be44-d6b40e599540,CUST-56093e99-9841-432a-8c38-7afb8abe7b1a,PROD-64e93a84-4dbb-4661-9ec3-043dd1693d6e,2026-04-27 14:00:00,1,Pending,Credit Card
ORD-d97842cf-765d-478a-be6d-ce7eb75a3c47,CUST-6da6058e-4dd7-4295-9410-4c97deb842e9,PROD-64e93a84-4dbb-4661-9ec3-043dd1693d6e,2026-04-28 10:00:00,4,Cancelled,Debit Card
ORD-dd89c742-2799-4df2-9930-2ea9e7c839d3,CUST-ab5c39a2-ef05-4606-9c4f-fd4610a69963,PROD-aab0afe9-5df6-4b48-ae99-f322e3820802,2026-04-28 12:00:00,1,Completed,Debit Card
ORD-8daca0bc-35d9-4572-85e5-24b48b93a068,CUST-009ff040-d27e-4b7b-9cb3-9d6a23fac679,PROD-aab0afe9-5df6-4b48-ae99-f322e3820802,2026-04-28 14:00:00,3,Completed,Debit Card
ORD-39ec1a3d-674e-47fb-917d-a962c06d1fec,CUST-e3abc271-5a00-4d3a-bed1-2be4002dfeee,PROD-64e93a84-4dbb-4661-9ec3-043dd1693d6e,2026-04-29 02:00:00,2,Cancelled,PayPal
ORD-6ecbde61-db8d-4e93-98bd-606ebf1ccb1c,CUST-12d56580-2e45-4bed-ad50-2bf5a3f11b22,PROD-391c0c33-fe4c-43ec-a362-1a200b406e9f,2026-04-29 07:00:00,3,Cancelled,PayPal
ORD-be1e17eb-8277-496b-bf5e-99c1df849d7b,CUST-7b03a941-55bc-4359-bb93-6c4c38871cbb,PROD-2778f30b-81d5-4495-82c5-3eec31a4cb04,2026-04-29 14:00:00,3,Completed,Credit Card
ORD-c1526364-e588-49d8-93ff-619482c26208,CUST-7b207a1c-797a-419c-9e26-71ae5407ffad,PROD-aab0afe9-5df6-4b48-ae99-f322e3820802,2026-04-30 01:00:00,2,Cancelled,Apple Pay
ORD-acc50187-5b0d-4055-85b2-34993eb88345,CUST-dba92cf9-cd68-4901-8542-0cc25ddef9a3,PROD-64e93a84-4dbb-4661-9ec3-043dd1693d6e,2026-04-30 06:00:00,1,Pending,Apple Pay
ORD-1565b7a4-ad1b-452e-a3a5-f87d86e271ca,CUST-66d6b5e7-eb41-4707-b8db-3151869d74f8,PROD-51e479b3-f91a-4677-814a-cb82b2c3c107,2026-04-30 07:00:00,1,Completed,Debit Card
ORD-c34c8e9f-abee-487b-82bb-b9b3e15e21ac,CUST-0e4acc9f-4a3b-4122-bc7b-99ab2750a3b1,PROD-a85036c2-6bc2-4de1-9d61-afa53c07995a,2026-05-01 14:00:00,3,Completed,PayPal
ORD-8b9e3f33-39db-481e-ad38-abe0fa4d6599,CUST-13b70913-cf74-4e97-bdca-af0d625607be,PROD-d70f9c69-d4aa-42b4-ace5-01904a73071a,2026-05-02 02:00:00,2,Pending,Credit Card
ORD-d3491857-7d61-40bb-95af-614e632d024c,CUST-7987a7cd-3b84-4c7f-88b1-396e86db8ed3,PROD-577a23c6-5b4d-4041-813a-3a8b596ceb04,2026-05-02 19:00:00,4,Completed,PayPal
ORD-70ea3fbc-7c48-4f6a-88bd-b17762b40ebe,CUST-96d40bea-507a-4cf8-afe8-cf59cff99463,PROD-64e93a84-4dbb-4661-9ec3-043dd1693d6e,2026-05-02 22:00:00,1,Cancelled,PayPal
ORD-7a6b5374-f110-4bd2-b9cc-b8f3e74a16cf,CUST-a2528c82-1507-4895-bbc1-b878f1e2b448,PROD-64314286-d564-4c55-9694-ee4b8b4d89c8,2026-05-03 03:00:00,1,Completed,Credit Card
ORD-04583ca1-7561-47dc-949f-662fa0c3f90a,CUST-b6ee109a-c632-48ce-879c-a51864c9a037,PROD-d70f9c69-d4aa-42b4-ace5-01904a73071a,2026-05-03 16:00:00,1,Completed,Apple Pay
ORD-141357cb-caca-4b26-9a52-7a7383ddd3db,CUST-1dd0c338-7b77-43cc-908d-b6e20e2b6f34,PROD-043183ed-f499-422b-ac48-bf3d52113c94,2026-05-03 19:00:00,1,Completed,Debit Card
ORD-61b5f7c9-0713-43d8-939d-0d2177f5977d,CUST-b4e5b0d5-ee4c-45d8-a36f-8c137d7e1b61,PROD-aab0afe9-5df6-4b48-ae99-f322e3820802,2026-05-05 01:00:00,3,Completed,Credit Card
ORD-5523839c-c62a-4f6c-aa1d-a5fc31562ef1,CUST-8628e829-9120-4108-9040-012d5616cf8c,PROD-391c0c33-fe4c-43ec-a362-1a200b406e9f,2026-05-05 19:00:00,1,Pending,Apple Pay
ORD-389fd784-68f6-4d1b-8434-ce3a6913fdae,CUST-12d56580-2e45-4bed-ad50-2bf5a3f11b22,PROD-64314286-d564-4c55-9694-ee4b8b4d89c8,2026-05-05 21:00:00,1,Completed,Apple Pay
ORD-2cbc85d5-d287-4a23-acab-6d5303d8088e,CUST-6da6058e-4dd7-4295-9410-4c97deb842e9,PROD-64e93a84-4dbb-4661-9ec3-043dd1693d6e,2026-05-06 07:00:00,4,Completed,Apple Pay
ORD-71c59c9f-db51-4d71-918a-bf16704db7d8,CUST-95ccab1b-fb10-4942-a50e-6f2137aa0a01,PROD-577a23c6-5b4d-4041-813a-3a8b596ceb04,2026-05-06 08:00:00,3,Completed,PayPal
ORD-53c2c4fc-27c0-4959-8125-d07e33f23081,CUST-68fd6abf-5d8f-4287-be3a-fa3b710b5e4d,PROD-d70f9c69-d4aa-42b4-ace5-01904a73071a,2026-05-07 04:00:00,4,Cancelled,Debit Card
ORD-fa935699-796a-4df0-8ff8-cbb37e682d33,CUST-c9ceed30-814d-4ef5-a9ed-7b5a5d5144d0,PROD-aab0afe9-5df6-4b48-ae99-f322e3820802,2026-05-07 07:00:00,1,Completed,Debit Card
ORD-943e6b31-ddc7-4691-8f08-0b5faf7f32ad,CUST-009ff040-d27e-4b7b-9cb3-9d6a23fac679,PROD-64e93a84-4dbb-4661-9ec3-043dd1693d6e,2026-05-07 19:00:00,1,Completed,Credit Card
ORD-04dfd2e2-c2fd-40bf-9bab-209a16a4aeda,CUST-ffe08207-15f3-4d12-966c-963f36ad1227,PROD-aab0afe9-5df6-4b48-ae99-f322e3820802,2026-05-07 21:00:00,3,Completed,PayPal
ORD-288f6e9c-3145-4f92-ac4c-be08dd20566f,CUST-5c8c22b4-c76b-48d0-9132-c291ace8fdc6,PROD-64e93a84-4dbb-4661-9ec3-043dd1693d6e,2026-05-08 06:00:00,3,Completed,Debit Card
ORD-ec8bfb36-e1f7-486a-b139-c8a546dbaa81,CUST-ab25de93-0d02-475a-bfa3-3deb0ddc24b8,PROD-2778f30b-81d5-4495-82c5-3eec31a4cb04,2026-05-08 13:00:00,3,Completed,Debit Card
ORD-c336860d-4a5d-4ba4-badd-a2d65a1f2c7a,CUST-4a92443a-3da3-4cc4-b574-4cd9aba866b1,PROD-391c0c33-fe4c-43ec-a362-1a200b406e9f,2026-05-09 02:00:00,3,Completed,Debit Card
ORD-2fa08d27-348f-4e91-8e9f-c7f5fe472acc,CUST-34eab866-b096-4219-8091-c398d868dc48,PROD-64e93a84-4dbb-4661-9ec3-043dd1693d6e,2026-05-09 05:00:00,1,Pending,Credit Card
ORD-96d3e9d8-9804-44b6-b446-7f4dd1e28d26,CUST-df3afc26-cb1e-4791-a2c0-7d070afb6956,PROD-043183ed-f499-422b-ac48-bf3d52113c94,2026-05-09 14:00:00,3,Completed,PayPal
ORD-7910720e-5343-452b-8156-000a842bba6b,CUST-d09364e1-e4fa-421e-ac13-f0b4f257406f,PROD-35dc3662-e193-4ac2-a527-af21c2f79d56,2026-05-09 17:00:00,4,Completed,PayPal
ORD-4691fe30-d46e-4d8e-ab97-44f6af38cfb5,CUST-07a4c495-269a-4d79-872d-fcecebe60095,PROD-d70f9c69-d4aa-42b4-ace5-01904a73071a,2026-05-10 06:00:00,3,Cancelled,Credit Card
ORD-09f739f6-111a-41f5-ac15-120a85d02dd5,CUST-f7648678-b8e4-4839-bf32-7596f4476c4e,PROD-64314286-d564-4c55-9694-ee4b8b4d89c8,2026-05-10 07:00:00,4,Completed,Credit Card
ORD-0a6c86e6-18c2-4b14-a4ba-f09badc71c2d,CUST-fdb428f7-9cce-4005-80dc-7d13d95e9976,PROD-577a23c6-5b4d-4041-813a-3a8b596ceb04,2026-05-10 11:00:00,3,Pending,Debit Card
ORD-942d0e73-c4ef-4557-b562-45645d54926c,CUST-0f1133bf-80b3-47b4-ab26-5e6b59f74f8a,PROD-64e93a84-4dbb-4661-9ec3-043dd1693d6e,2026-05-11 09:00:00,1,Completed,PayPal
ORD-40f1d0f4-b352-4f5d-9f27-e656de6ccc6e,CUST-e3abc271-5a00-4d3a-bed1-2be4002dfeee,PROD-aab0afe9-5df6-4b48-ae99-f322e3820802,2026-05-11 09:00:00,4,Completed,Credit Card
ORD-b24076e5-df54-49d5-9659-bd3144a281af,CUST-1dd0c338-7b77-43cc-908d-b6e20e2b6f34,PROD-a85036c2-6bc2-4de1-9d61-afa53c07995a,2026-05-12 04:00:00,1,Completed,Credit Card
ORD-2ac348b3-c12f-40bd-b30b-2ff68d3e8095,CUST-baba7caa-97bb-4cb2-88f0-aac0f8d825fc,PROD-043183ed-f499-422b-ac48-bf3d52113c94,2026-05-13 15:00:00,1,Cancelled,Apple Pay
ORD-92d1f460-da1c-4f94-b235-4e65fb1aade5,CUST-da42ff02-1d3d-422b-ac84-8ecce6a952af,PROD-2778f30b-81d5-4495-82c5-3eec31a4cb04,2026-05-13 16:00:00,4,Completed,PayPal
ORD-b0609c66-71bc-43f3-b163-c84cb6327201,CUST-fdb82e26-21bc-4f0e-94bc-405d7ac3d2ff,PROD-64314286-d564-4c55-9694-ee4b8b4d89c8,2026-05-13 21:00:00,2,Completed,Apple Pay
ORD-23efa149-cf5b-45f7-b5ea-202f7b120267,CUST-baba7caa-97bb-4cb2-88f0-aac0f8d825fc,PROD-aab0afe9-5df6-4b48-ae99-f322e3820802,2026-05-13 22:00:00,4,Cancelled,PayPal
ORD-a53b175d-ee08-4f20-8717-d5fceaad673d,CUST-07ad50c4-6e0f-45c5-b298-0322db9883f9,PROD-d70f9c69-d4aa-42b4-ace5-01904a73071a,2026-05-14 04:00:00,1,Completed,Debit Card
ORD-3e84078d-285f-4f4a-a5b2-63318e31015e,CUST-57da39b5-3e40-472f-aad0-6bc1ca109eaf,PROD-2778f30b-81d5-4495-82c5-3eec31a4cb04,2026-05-14 09:00:00,3,Completed,Debit Card
ORD-fc06a39c-1dde-4359-8f6f-792c3de68c95,CUST-8f1999d9-fd2a-4188-977c-d6cfde48b12a,PROD-aab0afe9-5df6-4b48-ae99-f322e3820802,2026-05-16 01:00:00,3,Completed,Apple Pay
ORD-31f177b7-3a27-470c-a6c8-155302266c5a,CUST-8f86ec83-984f-493b-816d-011e6a885d65,PROD-35dc3662-e193-4ac2-a527-af21c2f79d56,2026-05-16 13:00:00,1,Completed,Debit Card
ORD-e2613e6c-3cf8-4b3c-9549-85dc75a10002,CUST-85952cde-f241-469c-af8f-c2308dd362ec,PROD-577a23c6-5b4d-4041-813a-3a8b596ceb04,2026-05-16 15:00:00,2,Completed,Apple Pay
ORD-0a6e02eb-8bf6-4209-876b-4e4e01907ae9,CUST-5ae739b8-af96-4eb1-a13c-aebf7dbe98e6,PROD-2778f30b-81d5-4495-82c5-3eec31a4cb04,2026-05-17 19:00:00,1,Pending,Credit Card
ORD-7a4ff78a-2c3d-42e9-929f-fada296f6cbf,CUST-8772873c-9142-46a2-bd9a-e996e09a0572,PROD-d70f9c69-d4aa-42b4-ace5-01904a73071a,2026-05-17 22:00:00,3,Completed,PayPal
ORD-c6e443e4-623b-4347-b0e4-f374abe75a9d,CUST-772e298a-a837-40e6-b153-bc024c8eeee4,PROD-64314286-d564-4c55-9694-ee4b8b4d89c8,2026-05-18 00:00:00,1,Cancelled,PayPal
ORD-fd9f8882-2499-4950-b91f-5ec3ba5c680b,CUST-83d1a02c-240c-4f94-9621-fe07e809c6d4,PROD-043183ed-f499-422b-ac48-bf3d52113c94,2026-05-18 15:00:00,3,Completed,Apple Pay
ORD-97e63323-9bfb-4741-93ba-db6b35854904,CUST-56093e99-9841-432a-8c38-7afb8abe7b1a,PROD-e6c46fd7-4654-4fc5-9bae-d335fdd7223f,2026-05-18 19:00:00,3,Cancelled,Apple Pay
ORD-189f181b-2e53-4127-bb16-212eaddaad91,CUST-c3f7c517-5d87-413b-bd9c-f4cf4fe56fc3,PROD-e6c46fd7-4654-4fc5-9bae-d335fdd7223f,2026-05-19 16:00:00,1,Completed,Credit Card
ORD-19908a49-1690-44e0-a018-7d7b73e63e0a,CUST-17ecd18d-c985-4e38-9bb0-a2fc5b33f332,PROD-2778f30b-81d5-4495-82c5-3eec31a4cb04,2026-05-19 16:00:00,3,Completed,Apple Pay
ORD-e65932b7-c301-4b8e-b94b-64b83efbd33f,CUST-4d10796f-41b0-4387-90d1-cc7d36100661,PROD-64e93a84-4dbb-4661-9ec3-043dd1693d6e,2026-05-20 00:00:00,3,Pending,Apple Pay
ORD-01bd67b1-3072-4db8-a1eb-788a0353a79e,CUST-c5537bfe-f296-4d1c-ac12-269bb25d25b4,PROD-e6c46fd7-4654-4fc5-9bae-d335fdd7223f,2026-05-20 02:00:00,1,Pending,Debit Card
ORD-4edd70c6-1cb6-4dcb-8e0d-49daa4013bc1,CUST-86da949c-b3b9-4d3e-9a24-0425d352f1ee,PROD-64e93a84-4dbb-4661-9ec3-043dd1693d6e,2026-05-20 02:00:00,4,Pending,Credit Card
ORD-d3aa265f-4438-451c-a77e-ec780674d7a5,CUST-6df78fb0-41a7-4d89-a095-847d2642a4bb,PROD-a85036c2-6bc2-4de1-9d61-afa53c07995a,2026-05-20 03:00:00,2,Pending,PayPal
ORD-2efc4777-8c87-4f01-bbd4-bd3ca19b58c4,CUST-d115c6ea-24c5-4c3d-95b4-d11efb2d27d5,PROD-2778f30b-81d5-4495-82c5-3eec31a4cb04,2026-05-20 16:00:00,4,Completed,Credit Card
ORD-221a206d-85ad-4da6-b02a-afe98e1619fe,CUST-715b2d7e-13f9-48b7-8665-1ae059fa0ffe,PROD-64e93a84-4dbb-4661-9ec3-043dd1693d6e,2026-05-21 07:00:00,3,Completed,PayPal
ORD-e36589fd-cafc-4992-a2dd-fe7d3b1949f1,CUST-771c36cd-26e1-4f04-a110-7c0956e402fd,PROD-d70f9c69-d4aa-42b4-ace5-01904a73071a,2026-05-22 02:00:00,1,Pending,Credit Card
ORD-dfefe8ee-d767-46c2-8150-a88e7e3ca9ff,CUST-f04b7a38-0a51-4587-86c4-3461fac18b5e,PROD-391c0c33-fe4c-43ec-a362-1a200b406e9f,2026-05-22 23:00:00,1,Completed,Debit Card
ORD-efdeadd3-3159-4a9a-8547-abb9438eb9dc,CUST-34eab866-b096-4219-8091-c398d868dc48,PROD-2778f30b-81d5-4495-82c5-3eec31a4cb04,2026-05-23 20:00:00,4,Cancelled,PayPal
ORD-82edf3b3-d941-4da2-b7ef-8afc76894977,CUST-bda55a77-5f72-44da-9029-e34a01f889a3,PROD-aab0afe9-5df6-4b48-ae99-f322e3820802,2026-05-26 11:00:00,4,Cancelled,Credit Card
ORD-7625ed28-a769-4511-b2d5-33fdccf24a78,CUST-2beaeac9-82b4-483a-847f-863073beef41,PROD-aab0afe9-5df6-4b48-ae99-f322e3820802,2026-05-26 13:00:00,3,Pending,Debit Card
ORD-698ae847-0a2d-4f7b-bb36-bcd231cabebb,CUST-34eab866-b096-4219-8091-c398d868dc48,PROD-51e479b3-f91a-4677-814a-cb82b2c3c107,2026-05-26 18:00:00,2,Cancelled,Credit Card
ORD-185f6601-ccdb-4675-97fb-5dd0792e7631,CUST-b14f5581-ad46-4259-9d4d-14dc3c37adf5,PROD-043183ed-f499-422b-ac48-bf3d52113c94,2026-05-27 01:00:00,3,Completed,Debit Card
ORD-c37f57a0-fe25-49f5-8643-e5e16b8782fc,CUST-6ccd618d-ef72-45cf-83f7-960660bc86a2,PROD-aab0afe9-5df6-4b48-ae99-f322e3820802,2026-05-27 14:00:00,4,Completed,Credit Card
ORD-5a584675-611e-4890-9da4-da3e694e137b,CUST-bcd92b44-d62b-46aa-8cd0-2c2ee7915164,PROD-64314286-d564-4c55-9694-ee4b8b4d89c8,2026-05-28 09:00:00,3,Completed,Debit Card
ORD-d3cb9d41-777f-4587-bc03-5e5860eb0ccb,CUST-07ad50c4-6e0f-45c5-b298-0322db9883f9,PROD-aab0afe9-5df6-4b48-ae99-f322e3820802,2026-05-28 09:00:00,2,Cancelled,Apple Pay
ORD-20097ae2-8c56-4c0c-94b5-2545c7152226,CUST-f04b7a38-0a51-4587-86c4-3461fac18b5e,PROD-51e479b3-f91a-4677-814a-cb82b2c3c107,2026-05-29 15:00:00,4,Completed,Credit Card
ORD-4edb3067-a841-484d-a431-2d866c27f330,CUST-32c5671b-9306-42b4-9517-69331a5d346d,PROD-64314286-d564-4c55-9694-ee4b8b4d89c8,2026-05-30 20:00:00,2,Cancelled,Apple Pay
ORD-f5026f27-0bee-4b7c-bd14-01a7c64e1769,CUST-6da6058e-4dd7-4295-9410-4c97deb842e9,PROD-577a23c6-5b4d-4041-813a-3a8b596ceb04,2026-05-31 00:00:00,1,Pending,Debit Card
ORD-c12837a8-d205-47bd-9d16-c07fec1bbae0,CUST-4d10796f-41b0-4387-90d1-cc7d36100661,PROD-51e479b3-f91a-4677-814a-cb82b2c3c107,2026-06-01 15:00:00,2,Completed,Credit Card
ORD-c0aa4ad5-17d3-4ec1-a1b6-52888425e5b7,CUST-009ff040-d27e-4b7b-9cb3-9d6a23fac679,PROD-64314286-d564-4c55-9694-ee4b8b4d89c8,2026-06-02 16:00:00,3,Completed,Credit Card
ORD-24caee50-1c96-446e-8653-2a6384bc7944,CUST-067316bd-d42b-4a6a-a692-5358bf4297dd,PROD-aab0afe9-5df6-4b48-ae99-f322e3820802,2026-06-04 02:00:00,2,Completed,Credit Card
ORD-67ccd7ab-2f09-41e9-b0f5-8989c9b80f15,CUST-baba7caa-97bb-4cb2-88f0-aac0f8d825fc,PROD-35dc3662-e193-4ac2-a527-af21c2f79d56,2026-06-04 18:00:00,3,Cancelled,PayPal
ORD-b2823da6-fe21-42d1-b646-b72e365fab89,CUST-15831d9f-96eb-4352-8a52-e272be4b7d20,PROD-64314286-d564-4c55-9694-ee4b8b4d89c8,2026-06-05 20:00:00,2,Completed,Debit Card
ORD-c6d95c44-705f-434d-8bbf-fe1be552fe67,CUST-da42ff02-1d3d-422b-ac84-8ecce6a952af,PROD-aab0afe9-5df6-4b48-ae99-f322e3820802,2026-06-05 22:00:00,2,Cancelled,PayPal
ORD-862c64ac-e1b5-4b31-b87c-2d82f8f86501,CUST-6def7f02-8db1-47ec-a0f1-ec4d0fdcc6a6,PROD-d70f9c69-d4aa-42b4-ace5-01904a73071a,2026-06-06 02:00:00,4,Completed,Apple Pay
ORD-9eb00ea5-320e-484f-b16c-d7d685f5436f,CUST-4a92443a-3da3-4cc4-b574-4cd9aba866b1,PROD-51e479b3-f91a-4677-814a-cb82b2c3c107,2026-06-06 08:00:00,1,Pending,Debit Card
ORD-b8cab899-f3bf-46f6-b3ea-3ffa773bbb05,CUST-ee6388a2-fc39-48c9-85f7-df68e6d046af,PROD-043183ed-f499-422b-ac48-bf3d52113c94,2026-06-07 13:00:00,2,Pending,Debit Card
ORD-e403f1ce-3b1e-41de-b502-a0db81476064,CUST-2bef72e7-505b-4dd0-add8-a09c37bfb2ba,PROD-aab0afe9-5df6-4b48-ae99-f322e3820802,2026-06-07 15:00:00,2,Completed,Apple Pay
ORD-94f36b5d-a6d2-4b6a-96aa-7b5f9e8cb8c5,CUST-087be9ac-cac5-459a-9c30-d1aaf42dfb15,PROD-64e93a84-4dbb-4661-9ec3-043dd1693d6e,2026-06-10 01:00:00,3,Cancelled,Apple Pay
ORD-780c3cc4-e302-4455-9aa6-7b0849922cf2,CUST-5ae739b8-af96-4eb1-a13c-aebf7dbe98e6,PROD-64314286-d564-4c55-9694-ee4b8b4d89c8,2026-06-10 02:00:00,4,Cancelled,Credit Card
ORD-e704be95-dc40-4a66-9a80-08a149fa530d,CUST-19f698ab-8acf-4648-9527-87e540901f2a,PROD-a85036c2-6bc2-4de1-9d61-afa53c07995a,2026-06-11 01:00:00,2,Completed,Debit Card
ORD-95cf8e7e-2a71-4bfc-ab49-0cc3db68ffba,CUST-7e8ec301-b5ad-41c0-9476-2af430f33fdd,PROD-2778f30b-81d5-4495-82c5-3eec31a4cb04,2026-06-12 06:00:00,1,Completed,Debit Card
ORD-c48c0120-45dc-480a-8cc4-635ec0865896,CUST-62911fb1-8ff1-4bcc-961f-1ce6f9def6c6,PROD-64314286-d564-4c55-9694-ee4b8b4d89c8,2026-06-13 05:00:00,3,Completed,Apple Pay
ORD-79eb23e0-a0a7-4d82-bb11-888066833c75,CUST-3e8080e0-401f-4123-9c8d-a64ea80263f5,PROD-64e93a84-4dbb-4661-9ec3-043dd1693d6e,2026-06-13 18:00:00,3,Pending,Debit Card
ORD-afa44bc9-52e2-4b38-be8d-6bc8ea73adb8,CUST-7abc9ca0-84b5-46fc-be9a-6e102e89a3be,PROD-64314286-d564-4c55-9694-ee4b8b4d89c8,2026-06-13 20:00:00,3,Completed,Credit Card
ORD-949c917e-826c-46fc-96d0-e33298a8b154,CUST-ed1abfb8-5b2c-4e5d-9dae-c49a86435a04,PROD-e6c46fd7-4654-4fc5-9bae-d335fdd7223f,2026-06-14 04:00:00,3,Completed,Credit Card
ORD-4cb56e80-7b46-4989-9adb-b0f169e19dba,CUST-25f6b108-5d2f-4d85-805c-2467557d6ebb,PROD-aab0afe9-5df6-4b48-ae99-f322e3820802,2026-06-14 11:00:00,2,Cancelled,Credit Card
ORD-c43d0c72-e4ba-4439-9fe3-68737ca85e4f,CUST-5ae739b8-af96-4eb1-a13c-aebf7dbe98e6,PROD-391c0c33-fe4c-43ec-a362-1a200b406e9f,2026-06-14 16:00:00,4,Completed,Apple Pay
ORD-4ef080ac-7d1e-441c-9908-83fd596ce11a,CUST-32678ad7-474d-4cb2-abc9-bbccf925f24c,PROD-64314286-d564-4c55-9694-ee4b8b4d89c8,2026-06-15 01:00:00,4,Completed,Debit Card
ORD-ab45b3af-62d5-4afc-8a52-42d3443060eb,CUST-40af7d33-32f9-47f3-8cc3-9ec5b20d1fc4,PROD-577a23c6-5b4d-4041-813a-3a8b596ceb04,2026-06-15 18:00:00,4,Completed,Apple Pay
ORD-f0f264ae-f41c-4e94-bc93-005b2c5feb7f,CUST-5e71198b-9ef8-404f-9048-3613c1a48433,PROD-aab0afe9-5df6-4b48-ae99-f322e3820802,2026-06-17 00:00:00,4,Completed,Credit Card
ORD-39ea8c1d-4a13-4771-ab7f-71bf2f007274,CUST-087be9ac-cac5-459a-9c30-d1aaf42dfb15,PROD-2778f30b-81d5-4495-82c5-3eec31a4cb04,2026-06-17 14:00:00,2,Completed,PayPal
ORD-d7fbef75-3fe4-4af7-994f-22ae7a5a4653,CUST-81a07ad9-9ea5-4c28-ab3d-ea36dc2e1152,PROD-2778f30b-81d5-4495-82c5-3eec31a4cb04,2026-06-17 14:00:00,2,Completed,Apple Pay
ORD-236326a0-dbf2-4b0d-b770-8c3e40cd4bc4,CUST-c7acf430-20c3-4ba4-a019-3afdb079fed5,PROD-51e479b3-f91a-4677-814a-cb82b2c3c107,2026-06-18 20:00:00,2,Cancelled,PayPal
ORD-8c7b607e-6d2d-4ba1-b921-5e7f715b773e,CUST-e8d9a4a8-320e-459e-a842-4cb241990cf5,PROD-aab0afe9-5df6-4b48-ae99-f322e3820802,2026-06-19 12:00:00,1,Completed,Apple Pay
ORD-d146ec2e-8807-4193-b6f7-ac4fe44da765,CUST-56093e99-9841-432a-8c38-7afb8abe7b1a,PROD-2778f30b-81d5-4495-82c5-3eec31a4cb04,2026-06-19 23:00:00,3,Completed,Credit Card
ORD-4c8d6b47-3eb3-4d22-aff1-2945f26b630c,CUST-88364007-2995-49ef-aa03-0d2d0e226c84,PROD-e6c46fd7-4654-4fc5-9bae-d335fdd7223f,2026-06-20 05:00:00,4,Completed,Debit Card
ORD-acc136e6-5d6c-4877-bacc-45b81678a058,CUST-925ab295-eb95-4b7f-b9a6-1398a49f23e7,PROD-64314286-d564-4c55-9694-ee4b8b4d89c8,2026-06-20 07:00:00,4,Pending,Debit Card
ORD-a2a1d2ca-348b-4a60-89b4-b67748dc8928,CUST-81a07ad9-9ea5-4c28-ab3d-ea36dc2e1152,PROD-043183ed-f499-422b-ac48-bf3d52113c94,2026-06-20 15:00:00,4,Completed,PayPal
ORD-424bbc9e-082c-44b8-8051-ba34b6b924f2,CUST-08ebef00-49d5-4f43-ac24-9a1ed09924af,PROD-391c0c33-fe4c-43ec-a362-1a200b406e9f,2026-06-20 16:00:00,3,Completed,PayPal
ORD-61aad1e0-7f65-47c8-8664-0489118193c7,CUST-95ccab1b-fb10-4942-a50e-6f2137aa0a01,PROD-d70f9c69-d4aa-42b4-ace5-01904a73071a,2026-06-21 03:00:00,4,Cancelled,Debit Card
ORD-76cac47b-d85c-4fb2-a984-9ad971e9f822,CUST-732c6ce3-9e3f-42d4-8590-346407ac5c4f,PROD-043183ed-f499-422b-ac48-bf3d52113c94,2026-06-21 05:00:00,2,Pending,Debit Card
ORD-6b839877-45bb-41c8-80a2-8141a2a2c21a,CUST-75b12d27-022d-445c-bfa6-ec8f96438a29,PROD-35dc3662-e193-4ac2-a527-af21c2f79d56,2026-06-21 19:00:00,1,Cancelled,PayPal
ORD-2b9b98d8-d734-4455-9a47-7f938ea3d80a,CUST-d641dbb3-17fe-4fe8-88cc-448c6cbd15fc,PROD-aab0afe9-5df6-4b48-ae99-f322e3820802,2026-06-22 15:00:00,1,Completed,PayPal
ORD-d7ed5404-5e18-4a8e-9ddc-8307dc731020,CUST-7abc9ca0-84b5-46fc-be9a-6e102e89a3be,PROD-d70f9c69-d4aa-42b4-ace5-01904a73071a,2026-06-22 17:00:00,4,Completed,Debit Card
ORD-563bdd0a-fb8f-4311-9913-66ae8b96638e,CUST-ed704256-1094-4d9c-ab9e-9796657e597c,PROD-391c0c33-fe4c-43ec-a362-1a200b406e9f,2026-06-22 18:00:00,2,Completed,Debit Card
ORD-855021f6-fc8c-4ed6-8eab-214ede6dd812,CUST-5405e892-a40b-4afc-88ca-0252b5dc9f7b,PROD-aab0afe9-5df6-4b48-ae99-f322e3820802,2026-06-22 21:00:00,3,Completed,Apple Pay
ORD-c8079862-3e3d-48c1-850e-9769496a1190,CUST-57da39b5-3e40-472f-aad0-6bc1ca109eaf,PROD-64314286-d564-4c55-9694-ee4b8b4d89c8,2026-06-23 19:00:00,1,Completed,Apple Pay
ORD-37b03afe-e022-4392-8d25-d5755c9bb47a,CUST-04d1beb4-7991-4cdb-b622-ffc1f8bd7217,PROD-aab0afe9-5df6-4b48-ae99-f322e3820802,2026-06-24 02:00:00,4,Completed,Credit Card
ORD-2f52b93b-6b15-409a-9483-368745f60003,CUST-6ff160b8-3833-4921-91d1-102ac96fee31,PROD-391c0c33-fe4c-43ec-a362-1a200b406e9f,2026-06-24 16:00:00,1,Completed,Apple Pay
ORD-64846377-f777-460c-9638-3b3e08ee88f0,CUST-79832843-194d-4dad-be01-2ebbf9b6d44f,PROD-a85036c2-6bc2-4de1-9d61-afa53c07995a,2026-06-24 20:00:00,1,Pending,Debit Card
ORD-2455c553-c6d8-46b6-985a-4fc941e6e91a,CUST-d92f518f-b4fc-455b-a0da-215c22e9ab03,PROD-51e479b3-f91a-4677-814a-cb82b2c3c107,2026-06-25 01:00:00,4,Pending,PayPal
ORD-f68b9187-1fde-454f-bec5-35de9dd46695,CUST-5405e892-a40b-4afc-88ca-0252b5dc9f7b,PROD-51e479b3-f91a-4677-814a-cb82b2c3c107,2026-06-25 08:00:00,4,Cancelled,Debit Card
ORD-f5df677a-3f25-42e1-920f-2eb8d0a59ccb,CUST-b44aa1f9-ec75-48cc-9d09-a8b03e2869fe,PROD-64314286-d564-4c55-9694-ee4b8b4d89c8,2026-06-25 12:00:00,1,Pending,Apple Pay
ORD-8eca22f0-c9ec-4fb1-8dcc-d22236773f62,CUST-7987a7cd-3b84-4c7f-88b1-396e86db8ed3,PROD-d70f9c69-d4aa-42b4-ace5-01904a73071a,2026-06-25 17:00:00,3,Completed,Credit Card
ORD-ddc87e63-0467-442e-baf6-d1b594db3e3c,CUST-32678ad7-474d-4cb2-abc9-bbccf925f24c,PROD-043183ed-f499-422b-ac48-bf3d52113c94,2026-06-26 12:00:00,2,Pending,Credit Card
ORD-b7613627-3a1c-4b2a-85a1-0d52455d0d59,CUST-e31ef663-c483-4b96-b41a-d92a7f22a284,PROD-e6c46fd7-4654-4fc5-9bae-d335fdd7223f,2026-06-28 00:00:00,1,Pending,Credit Card
ORD-44af8638-d45d-4c10-971a-f21089f01392,CUST-e8d9a4a8-320e-459e-a842-4cb241990cf5,PROD-51e479b3-f91a-4677-814a-cb82b2c3c107,2026-06-28 13:00:00,4,Completed,Debit Card
ORD-ee205289-7de3-4ee0-b121-284bae5330e0,CUST-ed9662a7-2ca9-43eb-9490-c08a8eb9df54,PROD-2778f30b-81d5-4495-82c5-3eec31a4cb04,2026-06-28 14:00:00,1,Completed,Credit Card
ORD-d929db8f-4b6d-49a3-a226-b7095f0123c7,CUST-07ad50c4-6e0f-45c5-b298-0322db9883f9,PROD-64e93a84-4dbb-4661-9ec3-043dd1693d6e,2026-06-28 18:00:00,4,Completed,Debit Card
ORD-0fc5f2ba-4e83-4cbe-bb8a-910c65312730,CUST-85952cde-f241-469c-af8f-c2308dd362ec,PROD-d70f9c69-d4aa-42b4-ace5-01904a73071a,2026-06-29 09:00:00,3,Pending,PayPal
ORD-7904e6ee-6b35-4af3-bcec-993f18de4f44,CUST-5e807d1e-e94b-4b6d-b28f-2ad01fd9cc2c,PROD-64e93a84-4dbb-4661-9ec3-043dd1693d6e,2026-07-01 04:00:00,2,Cancelled,Credit Card
ORD-53789a79-23be-42af-bcbd-f2b6e46589d4,CUST-2fa4b61e-0674-4eeb-99cf-090674f217cf,PROD-577a23c6-5b4d-4041-813a-3a8b596ceb04,2026-07-01 05:00:00,4,Completed,Apple Pay
ORD-65dccf91-2291-45e1-9d80-3f6e51046ce5,CUST-b44aa1f9-ec75-48cc-9d09-a8b03e2869fe,PROD-a85036c2-6bc2-4de1-9d61-afa53c07995a,2026-07-01 23:00:00,1,Completed,Debit Card
ORD-6a24e414-d82a-4b7b-a6e2-b15da5764b9d,CUST-78beff06-655f-49aa-b57c-a58649f2447c,PROD-e6c46fd7-4654-4fc5-9bae-d335fdd7223f,2026-07-02 03:00:00,2,Completed,Credit Card
ORD-3d5bb2e1-0116-4134-87c3-a803c76449c3,CUST-86da949c-b3b9-4d3e-9a24-0425d352f1ee,PROD-aab0afe9-5df6-4b48-ae99-f322e3820802,2026-07-03 04:00:00,2,Completed,PayPal
ORD-80316f13-9400-4995-800c-8fe3a73aec74,CUST-36991a36-2d61-4de8-9559-af2905611cd1,PROD-35dc3662-e193-4ac2-a527-af21c2f79d56,2026-07-04 06:00:00,2,Cancelled,PayPal
ORD-03d3e2e1-356f-4bcb-88c6-c2e80ae47392,CUST-5c8c22b4-c76b-48d0-9132-c291ace8fdc6,PROD-64314286-d564-4c55-9694-ee4b8b4d89c8,2026-07-06 10:00:00,4,Cancelled,Debit Card
ORD-a5ddcb7e-4482-40c0-ada9-96c62faf0d46,CUST-d441b96b-6bf9-4de5-b442-0474915e8ac5,PROD-d70f9c69-d4aa-42b4-ace5-01904a73071a,2026-07-06 13:00:00,3,Completed,PayPal
ORD-81510b55-210a-47ee-bdb1-8a9b714247aa,CUST-c98ec440-0f32-43ad-93e9-a9801f7fcefc,PROD-2778f30b-81d5-4495-82c5-3eec31a4cb04,2026-07-07 13:00:00,2,Completed,PayPal
ORD-a35c0e67-3178-4b20-a129-84475827ee60,CUST-dc22b158-e36d-4141-bc28-90fe6d2daac7,PROD-64314286-d564-4c55-9694-ee4b8b4d89c8,2026-07-08 09:00:00,3,Completed,Debit Card
ORD-e80d0f61-7e5c-4373-81b8-0b5baf9b97b7,CUST-32678ad7-474d-4cb2-abc9-bbccf925f24c,PROD-51e479b3-f91a-4677-814a-cb82b2c3c107,2026-07-09 22:00:00,4,Completed,Debit Card
ORD-665b18b5-be3c-4fb8-a215-9a2524043ed9,CUST-2e32404f-62f6-4529-94e7-8685c870dc28,PROD-a85036c2-6bc2-4de1-9d61-afa53c07995a,2026-07-11 11:00:00,2,Completed,Apple Pay
ORD-534a913e-823e-47a2-a093-d485981bc143,CUST-caa00197-d1c5-468c-a656-0a9f4b19214a,PROD-391c0c33-fe4c-43ec-a362-1a200b406e9f,2026-07-12 02:00:00,2,Completed,Apple Pay
ORD-dd672c5f-3fa6-4c9c-9b09-a41ba97a1643,CUST-d92f518f-b4fc-455b-a0da-215c22e9ab03,PROD-577a23c6-5b4d-4041-813a-3a8b596ceb04,2026-07-12 11:00:00,2,Completed,PayPal
ORD-382c7d79-564c-4b4c-9ddd-ff5d0239692d,CUST-732c6ce3-9e3f-42d4-8590-346407ac5c4f,PROD-d70f9c69-d4aa-42b4-ace5-01904a73071a,2026-07-13 03:00:00,1,Completed,PayPal
ORD-7392b662-e69c-4d73-84ef-876fbbb9abc2,CUST-7b207a1c-797a-419c-9e26-71ae5407ffad,PROD-a85036c2-6bc2-4de1-9d61-afa53c07995a,2026-07-13 07:00:00,2,Pending,Debit Card
ORD-0bad36a8-b653-4c75-b07a-70bbc4820841,CUST-a2528c82-1507-4895-bbc1-b878f1e2b448,PROD-391c0c33-fe4c-43ec-a362-1a200b406e9f,2026-07-13 09:00:00,2,Cancelled,PayPal
ORD-df07bdef-3e2c-4695-beb0-b776ed2c2df2,CUST-d441b96b-6bf9-4de5-b442-0474915e8ac5,PROD-51e479b3-f91a-4677-814a-cb82b2c3c107,2026-07-14 06:00:00,3,Pending,Apple Pay
ORD-c372c74e-5b76-4cc5-8928-e615161d84fe,CUST-ab725235-8229-4135-9d7c-58c275ec26c2,PROD-64314286-d564-4c55-9694-ee4b8b4d89c8,2026-07-15 00:00:00,2,Completed,Debit Card
ORD-1bfb221b-c3b7-46d2-9a23-a5776d917660,CUST-46af5dcf-3e02-4a33-ab80-4e1decd46eca,PROD-51e479b3-f91a-4677-814a-cb82b2c3c107,2026-07-15 05:00:00,3,Cancelled,Apple Pay
ORD-c23a39c3-7d01-43f9-9715-08f987ebe386,CUST-862430c7-1355-4390-a442-85e748981a12,PROD-64e93a84-4dbb-4661-9ec3-043dd1693d6e,2026-07-15 10:00:00,4,Cancelled,Credit Card
ORD-33fed375-525d-437d-a841-e262fd1cff44,CUST-278bf7ca-92a4-4005-89b5-7b3a47292bbe,PROD-51e479b3-f91a-4677-814a-cb82b2c3c107,2026-07-15 12:00:00,2,Completed,Debit Card
ORD-55f5874e-0562-48f3-84e0-6f0ef9738a46,CUST-62911fb1-8ff1-4bcc-961f-1ce6f9def6c6,PROD-aab0afe9-5df6-4b48-ae99-f322e3820802,2026-07-18 04:00:00,1,Pending,Debit Card
ORD-0ec5a9c7-61fd-4943-9958-e98155a94d0e,CUST-7b03a941-55bc-4359-bb93-6c4c38871cbb,PROD-043183ed-f499-422b-ac48-bf3d52113c94,2026-07-18 09:00:00,4,Pending,Debit Card
ORD-b3288360-c666-4ab8-ae41-aeeb2c474d4c,CUST-b44aa1f9-ec75-48cc-9d09-a8b03e2869fe,PROD-391c0c33-fe4c-43ec-a362-1a200b406e9f,2026-07-19 09:00:00,2,Completed,Debit Card
ORD-d4e0b67f-4493-467b-a89d-e826ba3e8d05,CUST-b3fd56f8-c838-468a-9629-33414c7090a5,PROD-35dc3662-e193-4ac2-a527-af21c2f79d56,2026-07-19 23:00:00,3,Completed,Credit Card
ORD-4e88cf88-8754-4c71-9cf4-fe6a956a2ade,CUST-75b12d27-022d-445c-bfa6-ec8f96438a29,PROD-d70f9c69-d4aa-42b4-ace5-01904a73071a,2026-07-20 17:00:00,3,Completed,PayPal
ORD-423218d8-5af2-42d8-abf6-2622b07b4e3a,CUST-49e30b2f-0793-4b82-a757-1f2a59ee4fa6,PROD-35dc3662-e193-4ac2-a527-af21c2f79d56,2026-07-21 12:00:00,3,Completed,Debit Card
ORD-637b99d1-2c07-4afc-a2e0-3b6f53b42c37,CUST-5ae739b8-af96-4eb1-a13c-aebf7dbe98e6,PROD-e6c46fd7-4654-4fc5-9bae-d335fdd7223f,2026-07-22 14:00:00,2,Completed,Debit Card
ORD-34e0654f-0d2c-4344-b4ab-d270d9748a6c,CUST-fbe5ac25-9ad1-48cb-a082-919f5b22c749,PROD-391c0c33-fe4c-43ec-a362-1a200b406e9f,2026-07-22 21:00:00,2,Completed,Credit Card
ORD-9bac0238-9e3e-4a49-b142-f494937c7440,CUST-b5c3308f-1eba-44c4-95d5-4e4fe97f4f68,PROD-64314286-d564-4c55-9694-ee4b8b4d89c8,2026-07-23 04:00:00,2,Completed,PayPal
ORD-9488cdbe-7332-4e88-98b7-c7e213b56176,CUST-8f1999d9-fd2a-4188-977c-d6cfde48b12a,PROD-64e93a84-4dbb-4661-9ec3-043dd1693d6e,2026-07-23 20:00:00,3,Cancelled,Apple Pay
ORD-b4ec9971-4119-4b9e-9099-83f90de9f460,CUST-772e298a-a837-40e6-b153-bc024c8eeee4,PROD-2778f30b-81d5-4495-82c5-3eec31a4cb04,2026-07-25 09:00:00,3,Completed,Apple Pay
ORD-2c8ad303-b444-4927-ac83-d348b995e54e,CUST-23f7671e-dec0-4667-ac63-5a70e4723fdb,PROD-64314286-d564-4c55-9694-ee4b8b4d89c8,2026-07-25 21:00:00,2,Completed,PayPal
ORD-020927f4-a3c5-42dc-88d7-37a8178dbc82,CUST-862430c7-1355-4390-a442-85e748981a12,PROD-35dc3662-e193-4ac2-a527-af21c2f79d56,2026-07-26 01:00:00,4,Completed,Credit Card
ORD-dd05636d-ebb8-441e-a99f-803f5a4386aa,CUST-5e36d5f7-b785-4d8c-a0fa-d52a04037eac,PROD-2778f30b-81d5-4495-82c5-3eec31a4cb04,2026-07-26 11:00:00,4,Pending,Debit Card
ORD-9902b106-e71e-4e0d-8ed2-ab139dca9e0d,CUST-3c0f69b1-f461-4b7c-837d-0fffba5143e9,PROD-043183ed-f499-422b-ac48-bf3d52113c94,2026-07-26 16:00:00,3,Completed,Apple Pay
ORD-604943af-4ea5-4af3-8e0d-432bfc6c2132,CUST-85e4e1d3-99c9-47d2-81b6-5e0fd8d7c795,PROD-64314286-d564-4c55-9694-ee4b8b4d89c8,2026-07-26 18:00:00,3,Completed,Debit Card
ORD-803d007c-7170-414d-8403-9d64e3ac7696,CUST-dc22b158-e36d-4141-bc28-90fe6d2daac7,PROD-a85036c2-6bc2-4de1-9d61-afa53c07995a,2026-07-26 19:00:00,1,Completed,Debit Card
ORD-3fce5d1b-3ff9-4e27-b991-69016079a32c,CUST-bd7f7801-6209-41e8-bd56-46d4c8a38003,PROD-aab0afe9-5df6-4b48-ae99-f322e3820802,2026-07-26 21:00:00,2,Completed,Credit Card
ORD-f1599d7f-bcd4-4ef7-bf5b-c37c0a2ae961,CUST-ab5c39a2-ef05-4606-9c4f-fd4610a69963,PROD-e6c46fd7-4654-4fc5-9bae-d335fdd7223f,2026-07-27 04:00:00,3,Completed,Apple Pay
ORD-a62f8688-38f1-452c-9fc1-d37c85791cc1,CUST-49e30b2f-0793-4b82-a757-1f2a59ee4fa6,PROD-a85036c2-6bc2-4de1-9d61-afa53c07995a,2026-07-27 19:00:00,1,Completed,Credit Card
ORD-62e911c4-4df5-4037-aab0-58f78bc30614,CUST-844a3e44-1618-486f-b44a-cda6e921c5ac,PROD-391c0c33-fe4c-43ec-a362-1a200b406e9f,2026-07-28 02:00:00,1,Pending,Credit Card
ORD-2c17267a-54d9-45da-b6be-c5612850c993,CUST-36991a36-2d61-4de8-9559-af2905611cd1,PROD-35dc3662-e193-4ac2-a527-af21c2f79d56,2026-07-28 08:00:00,4,Cancelled,Credit Card
ORD-3aa74be9-b48d-4566-9200-bfdc8d9e5220,CUST-79832843-194d-4dad-be01-2ebbf9b6d44f,PROD-2778f30b-81d5-4495-82c5-3eec31a4cb04,2026-07-28 15:00:00,1,Pending,Apple Pay
ORD-005a4aa9-0d27-42eb-b22e-555e15cc016f,CUST-f04b7a38-0a51-4587-86c4-3461fac18b5e,PROD-64314286-d564-4c55-9694-ee4b8b4d89c8,2026-07-29 03:00:00,4,Pending,Debit Card
ORD-1b4e741d-e1fd-45ba-b370-a993ac9f6817,CUST-5ae739b8-af96-4eb1-a13c-aebf7dbe98e6,PROD-64314286-d564-4c55-9694-ee4b8b4d89c8,2026-07-29 15:00:00,4,Cancelled,Apple Pay
ORD-6fce5a22-2050-4b5c-b70b-7c46cbb8c454,CUST-96d40bea-507a-4cf8-afe8-cf59cff99463,PROD-aab0afe9-5df6-4b48-ae99-f322e3820802,2026-07-29 18:00:00,4,Pending,Debit Card
ORD-033c72b8-1767-42f4-a3e8-ff7a14b9a540,CUST-caa00197-d1c5-468c-a656-0a9f4b19214a,PROD-043183ed-f499-422b-ac48-bf3d52113c94,2026-07-30 04:00:00,1,Completed,Debit Card
ORD-a54424eb-2f53-44d0-bedc-6d9da76a2087,CUST-441bac50-3db0-42d0-8e18-7fb89cdfb89c,PROD-577a23c6-5b4d-4041-813a-3a8b596ceb04,2026-07-30 10:00:00,4,Cancelled,PayPal
ORD-514314be-6ad8-4b36-96d3-f84d7b0922ab,CUST-0dc49963-b4e8-49d5-9e9d-07380f9f14e4,PROD-d70f9c69-d4aa-42b4-ace5-01904a73071a,2026-07-30 22:00:00,4,Completed,Debit Card
ORD-0ea6fee9-26bb-4342-b83f-2c8139048164,CUST-32b58449-8c05-4278-a885-0e83cc15e246,PROD-aab0afe9-5df6-4b48-ae99-f322e3820802,2026-07-31 15:00:00,3,Completed,Credit Card
ORD-bb70a877-bce6-427f-bbf8-4f9ff2a0548c,CUST-268b1a24-d6b8-4a75-88e0-214b2097aea9,PROD-043183ed-f499-422b-ac48-bf3d52113c94,2026-08-01 21:00:00,4,Completed,Apple Pay
ORD-952ab55b-d3e9-4cbf-bfa2-9012b6f9b1b1,CUST-d3ac0f88-1a46-453d-ab91-b53103823874,PROD-391c0c33-fe4c-43ec-a362-1a200b406e9f,2026-08-01 21:00:00,2,Cancelled,Debit Card
ORD-62bd13eb-d8c1-4879-8782-d98fba922226,CUST-fbe5ac25-9ad1-48cb-a082-919f5b22c749,PROD-2778f30b-81d5-4495-82c5-3eec31a4cb04,2026-08-02 19:00:00,1,Cancelled,Credit Card
ORD-ff29ca58-bc15-456f-924b-ecd7251c443a,CUST-f824216f-4499-4dd8-bee3-9fba5b279618,PROD-51e479b3-f91a-4677-814a-cb82b2c3c107,2026-08-03 11:00:00,3,Pending,Apple Pay
ORD-a111d134-0aef-4839-abe2-18755fef1f66,CUST-6da6058e-4dd7-4295-9410-4c97deb842e9,PROD-e6c46fd7-4654-4fc5-9bae-d335fdd7223f,2026-08-03 16:00:00,1,Cancelled,PayPal
ORD-05989fb1-35a1-4431-b57f-4337d9104786,CUST-2beaeac9-82b4-483a-847f-863073beef41,PROD-51e479b3-f91a-4677-814a-cb82b2c3c107,2026-08-03 17:00:00,1,Cancelled,Apple Pay
ORD-cce7a5a0-212a-4382-a02b-246710e957ac,CUST-66d6b5e7-eb41-4707-b8db-3151869d74f8,PROD-51e479b3-f91a-4677-814a-cb82b2c3c107,2026-08-03 21:00:00,2,Completed,Apple Pay
ORD-91efa669-8290-4198-be08-3e7aa43d535e,CUST-387ac0a3-33e7-42ee-9e64-bc5cabb1ac65,PROD-043183ed-f499-422b-ac48-bf3d52113c94,2026-08-03 21:00:00,4,Completed,Apple Pay
ORD-cf00ad3b-8316-4e72-828d-225cfc77834a,CUST-f2c8b1d6-2478-485a-a939-0b9885d2e494,PROD-64314286-d564-4c55-9694-ee4b8b4d89c8,2026-08-04 06:00:00,2,Completed,Apple Pay
ORD-91bb6961-0a08-4da5-bb04-e9d59e46a6d5,CUST-1b2dd197-4a20-4b1b-b91f-5acae5f34f94,PROD-e6c46fd7-4654-4fc5-9bae-d335fdd7223f,2026-08-06 08:00:00,1,Cancelled,Credit Card
ORD-5fd1d70d-270e-4873-b83c-22446fae722e,CUST-925ab295-eb95-4b7f-b9a6-1398a49f23e7,PROD-a85036c2-6bc2-4de1-9d61-afa53c07995a,2026-08-06 11:00:00,3,Cancelled,Debit Card
ORD-dd657473-1284-45da-be7a-1b7f22e3c6d4,CUST-40af7d33-32f9-47f3-8cc3-9ec5b20d1fc4,PROD-d70f9c69-d4aa-42b4-ace5-01904a73071a,2026-08-07 01:00:00,3,Cancelled,Credit Card
ORD-26ed691a-3feb-40fa-870c-a9d0402c2147,CUST-67721f00-66d7-4fea-9701-bb55cad27454,PROD-391c0c33-fe4c-43ec-a362-1a200b406e9f,2026-08-08 23:00:00,3,Completed,PayPal
ORD-e66bd9be-3a70-4206-9fef-151c674cae27,CUST-c98ec440-0f32-43ad-93e9-a9801f7fcefc,PROD-35dc3662-e193-4ac2-a527-af21c2f79d56,2026-08-09 07:00:00,1,Pending,PayPal
ORD-f4eb909e-7ef4-4800-b6e9-555338ad57a9,CUST-74ea4fce-e580-41a7-aac2-818d9ceb79e4,PROD-35dc3662-e193-4ac2-a527-af21c2f79d56,2026-08-09 20:00:00,3,Pending,Debit Card
ORD-d3625a0c-1132-4d5c-b452-296b672711d5,CUST-ab5c39a2-ef05-4606-9c4f-fd4610a69963,PROD-d70f9c69-d4aa-42b4-ace5-01904a73071a,2026-08-10 01:00:00,3,Completed,PayPal
ORD-21075c98-80e1-462a-871f-305f0afe2539,CUST-62911fb1-8ff1-4bcc-961f-1ce6f9def6c6,PROD-64314286-d564-4c55-9694-ee4b8b4d89c8,2026-08-10 11:00:00,2,Cancelled,PayPal
ORD-dfaacb3c-f8fe-4d06-a935-6f74ccb4905e,CUST-32c5671b-9306-42b4-9517-69331a5d346d,PROD-aab0afe9-5df6-4b48-ae99-f322e3820802,2026-08-10 16:00:00,4,Cancelled,Credit Card
ORD-4240e237-1e02-410e-8e23-870ac252a431,CUST-4285862b-5264-40a3-9b11-c3218858d586,PROD-d70f9c69-d4aa-42b4-ace5-01904a73071a,2026-08-10 23:00:00,4,Cancelled,Debit Card
ORD-6a1718f3-d497-4980-a35e-2369bbfb56e0,CUST-8c4bf145-28aa-4df1-ba55-867d094a6012,PROD-d70f9c69-d4aa-42b4-ace5-01904a73071a,2026-08-12 02:00:00,1,Completed,Apple Pay
ORD-4ad47a17-3498-4160-842a-30b938ac6da4,CUST-d641dbb3-17fe-4fe8-88cc-448c6cbd15fc,PROD-64e93a84-4dbb-4661-9ec3-043dd1693d6e,2026-08-12 10:00:00,1,Pending,Apple Pay
ORD-066bba57-0241-4ccf-97fb-e4db52570e81,CUST-067316bd-d42b-4a6a-a692-5358bf4297dd,PROD-35dc3662-e193-4ac2-a527-af21c2f79d56,2026-08-12 13:00:00,3,Completed,Credit Card
ORD-8226ed42-6fc0-4906-9c53-2664bc4e89fa,CUST-a4289b67-391a-44c9-96f2-a55d4588e16b,PROD-64314286-d564-4c55-9694-ee4b8b4d89c8,2026-08-13 07:00:00,4,Pending,Debit Card
ORD-8a740374-1d19-4499-b722-e2cdb7aeaf0d,CUST-8f86ec83-984f-493b-816d-011e6a885d65,PROD-51e479b3-f91a-4677-814a-cb82b2c3c107,2026-08-13 08:00:00,2,Pending,Debit Card
ORD-9ade1eed-5bb5-4dec-853f-bf104708798f,CUST-13b70913-cf74-4e97-bdca-af0d625607be,PROD-51e479b3-f91a-4677-814a-cb82b2c3c107,2026-08-15 04:00:00,1,Completed,Debit Card
ORD-51f8440b-dfa7-4fdd-9249-4d6ecd127a58,CUST-6ff160b8-3833-4921-91d1-102ac96fee31,PROD-64e93a84-4dbb-4661-9ec3-043dd1693d6e,2026-08-15 13:00:00,1,Completed,PayPal
ORD-2bed5308-3765-43d5-998e-5fba68a254db,CUST-67721f00-66d7-4fea-9701-bb55cad27454,PROD-2778f30b-81d5-4495-82c5-3eec31a4cb04,2026-08-15 17:00:00,2,Cancelled,Credit Card
ORD-ceddbdde-8c28-4161-88d1-75ca6fd1d095,CUST-f52a1f42-94a0-4506-a9e9-f1ecb1ddafaf,PROD-35dc3662-e193-4ac2-a527-af21c2f79d56,2026-08-16 00:00:00,2,Completed,Debit Card
ORD-aefc066a-ffe1-40a6-8751-3d4dedae96dc,CUST-ed9662a7-2ca9-43eb-9490-c08a8eb9df54,PROD-35dc3662-e193-4ac2-a527-af21c2f79d56,2026-08-16 03:00:00,2,Pending,Debit Card
ORD-0d211483-c44c-4b7a-b59e-f450fce2b048,CUST-15039afd-e253-4b6f-8626-0d1a7b008571,PROD-51e479b3-f91a-4677-814a-cb82b2c3c107,2026-08-16 04:00:00,3,Completed,Credit Card
ORD-f54cccd4-2a88-4a5e-950e-9aa69b0b44e0,CUST-b44aa1f9-ec75-48cc-9d09-a8b03e2869fe,PROD-51e479b3-f91a-4677-814a-cb82b2c3c107,2026-08-17 13:00:00,3,Completed,Apple Pay
ORD-2b6bce88-68a8-4057-94b3-4329e3ee13b8,CUST-0dc49963-b4e8-49d5-9e9d-07380f9f14e4,PROD-64314286-d564-4c55-9694-ee4b8b4d89c8,2026-08-17 18:00:00,2,Completed,Apple Pay
ORD-05fd57b9-4af2-4249-a7df-8fa934d99e61,CUST-32c5671b-9306-42b4-9517-69331a5d346d,PROD-a85036c2-6bc2-4de1-9d61-afa53c07995a,2026-08-18 00:00:00,1,Completed,Credit Card
ORD-6f00a408-4e0c-4fb8-9a9d-651f3762a955,CUST-85e4e1d3-99c9-47d2-81b6-5e0fd8d7c795,PROD-577a23c6-5b4d-4041-813a-3a8b596ceb04,2026-08-18 14:00:00,4,Completed,PayPal
ORD-ebbf80ad-ca35-4e72-9da7-bb336fb3402f,CUST-67721f00-66d7-4fea-9701-bb55cad27454,PROD-043183ed-f499-422b-ac48-bf3d52113c94,2026-08-19 16:00:00,2,Pending,Apple Pay
ORD-ae39612b-880d-4d78-b1e9-b24f6c41d554,CUST-bda55a77-5f72-44da-9029-e34a01f889a3,PROD-577a23c6-5b4d-4041-813a-3a8b596ceb04,2026-08-19 20:00:00,4,Cancelled,Apple Pay
ORD-1ff07a5c-f81c-4f32-82b8-a7d6db115f9c,CUST-8f1999d9-fd2a-4188-977c-d6cfde48b12a,PROD-043183ed-f499-422b-ac48-bf3d52113c94,2026-08-20 14:00:00,4,Completed,PayPal
ORD-3be67a0e-0c8c-43e0-bdb1-70b01009b1da,CUST-f02fb94f-ef10-4499-a7d8-bc4f0d927562,PROD-2778f30b-81d5-4495-82c5-3eec31a4cb04,2026-08-21 10:00:00,3,Completed,Debit Card
ORD-a3e494cc-37e3-4169-99a5-a7e97255217a,CUST-b44aa1f9-ec75-48cc-9d09-a8b03e2869fe,PROD-35dc3662-e193-4ac2-a527-af21c2f79d56,2026-08-21 22:00:00,3,Completed,Debit Card
ORD-a9a2124c-ad59-4caa-be28-2cd12ef24853,CUST-6c293700-18ef-46f0-b9c9-341e1fc2961b,PROD-391c0c33-fe4c-43ec-a362-1a200b406e9f,2026-08-22 15:00:00,4,Cancelled,PayPal
ORD-1dd94134-1e40-46c7-8ce5-6c2355752c30,CUST-a2528c82-1507-4895-bbc1-b878f1e2b448,PROD-391c0c33-fe4c-43ec-a362-1a200b406e9f,2026-08-23 09:00:00,2,Completed,PayPal
ORD-d50bbbcb-e09e-4546-bd51-705d864e3581,CUST-32678ad7-474d-4cb2-abc9-bbccf925f24c,PROD-64e93a84-4dbb-4661-9ec3-043dd1693d6e,2026-08-23 11:00:00,4,Completed,Apple Pay
ORD-2f0b06eb-ff18-4db3-8a57-9e4f951f409b,CUST-e227e28d-bbb1-4d1c-ab7b-4dcc575a9a17,PROD-391c0c33-fe4c-43ec-a362-1a200b406e9f,2026-08-25 03:00:00,4,Cancelled,Debit Card
ORD-da52f73c-4a50-4343-b795-e6d0338f81b3,CUST-f7648678-b8e4-4839-bf32-7596f4476c4e,PROD-2778f30b-81d5-4495-82c5-3eec31a4cb04,2026-08-25 08:00:00,4,Cancelled,PayPal
ORD-c2685875-ba79-462f-aaf2-613e33b4d684,CUST-556df6ed-c10b-45b3-84f2-6c11ecaa2b44,PROD-391c0c33-fe4c-43ec-a362-1a200b406e9f,2026-08-26 10:00:00,4,Cancelled,PayPal
ORD-984dea9f-d6b9-4633-bdc5-4fd2b4712b82,CUST-e3abc271-5a00-4d3a-bed1-2be4002dfeee,PROD-577a23c6-5b4d-4041-813a-3a8b596ceb04,2026-08-26 12:00:00,2,Completed,PayPal
ORD-5a3b15d1-8e85-4f17-98d6-1393b2c10195,CUST-04d1beb4-7991-4cdb-b622-ffc1f8bd7217,PROD-2778f30b-81d5-4495-82c5-3eec31a4cb04,2026-08-27 17:00:00,4,Completed,Debit Card
ORD-fe0f4e18-857a-4cf5-ab3f-d17437ca111f,CUST-b44aa1f9-ec75-48cc-9d09-a8b03e2869fe,PROD-d70f9c69-d4aa-42b4-ace5-01904a73071a,2026-08-28 01:00:00,2,Cancelled,Credit Card
ORD-1c3ade04-6752-4c3f-a6b0-dcc8c4f5b7d3,CUST-4d10796f-41b0-4387-90d1-cc7d36100661,PROD-391c0c33-fe4c-43ec-a362-1a200b406e9f,2026-08-29 04:00:00,3,Pending,Apple Pay
ORD-8ca9bb3f-1945-4470-837e-4e57414e0356,CUST-a5e94f46-44da-4da8-a304-6f753a76f6b6,PROD-391c0c33-fe4c-43ec-a362-1a200b406e9f,2026-08-29 14:00:00,1,Completed,Apple Pay
ORD-6b45c11b-c65a-4a93-8374-877827dc3d73,CUST-fdb428f7-9cce-4005-80dc-7d13d95e9976,PROD-577a23c6-5b4d-4041-813a-3a8b596ceb04,2026-08-30 21:00:00,4,Completed,Debit Card
